STORM-YVik1-Vindhast-25km;STORM-YVik1-Vindretn-25km;antall_fungerende;YVIK-YtreVikna1-Sum-produksjon (2 hours before);YVIK-YtreVikna1-Sum-produksjon
3.7;260;17;;1.806583328
3.6;260;17;;1.804099991
3.6;268;17;1.806583328;1.9929833069999998
3.7;276;17;1.804099991;2.2444832690000003
3.7;284;17;1.9929833069999998;6.783783173
4.0;296;17;2.2444832690000003;6.779332916
4.4;308;17;6.783783173;4.804399811000001
4.2;299;17;6.779332916;3.968549866
4.6;292;16;4.804399811000001;5.615916412000001
5.0;285;16;3.968549866;5.090149811
5.4;278;16;5.615916412000001;5.133266312
5.6;279;16;5.090149811;8.514532959
5.8;279;16;5.133266312;8.681266418
6.0;280;16;8.514532959;11.02903296
5.8;280;17;8.681266418;9.479049622
5.7;280;17;11.02903296;9.563349854
5.5;280;17;9.479049622;7.56059964
4.9;268;17;9.563349854;5.465216415
4.4;256;17;7.56059964;4.852533081
5.1;251;17;5.465216415;3.179483292
5.2;249;17;4.852533081;2.582
5.4;247;17;3.179483292;2.351666664
5.5;245;17;2.582;2.913116562
5.7;240;17;2.351666664;3.818549927
5.9;236;17;2.913116562;3.492616562
6.1;231;17;3.818549927;4.069766525
6.6;229;17;3.492616562;4.297899857
7.0;226;17;4.069766525;5.325749763
7.5;224;17;4.297899857;10.03964954
7.3;221;17;5.325749763;8.82236615
7.0;218;17;10.03964954;13.77661591
7.4;221;17;8.82236615;6.736199585
7.4;223;17;13.77661591;8.163999573
7.5;224;17;6.736199585;12.72191602
7.5;226;17;8.163999573;10.950966000000001
7.1;227;17;12.72191602;11.25808276
6.8;227;17;10.950966000000001;11.79983282
6.4;228;17;11.25808276;8.112733032000001
6.2;226;17;11.79983282;8.964582886
5.9;223;17;8.112733032000001;8.178182922000001
5.7;221;17;8.964582886;6.838866516
5.1;215;17;8.178182922000001;4.8075830989999995
4.6;209;17;6.838866516;2.974149933
4.1;201;17;4.8075830989999995;2.764699982
3.9;196;17;2.974149933;2.808266632
3.8;191;17;2.764699982;2.9731333010000003
3.6;186;17;2.808266632;2.9895832980000003
3.6;180;17;2.9731333010000003;2.8689832760000002
3.5;174;17;2.9895832980000003;2.898749969
3.5;168;17;2.8689832760000002;2.738999985
3.3;157;17;2.898749969;2.553
3.2;147;17;2.738999985;2.406699993
3.0;136;17;2.553;2.220399994
3.1;137;17;2.406699993;2.3365
3.3;137;17;2.220399994;2.471
4.1;143;17;2.3365;3.102199997
4.0;147;17;2.471;3.384833252
4.0;152;17;3.102199997;4.869016418
3.9;156;17;3.384833252;5.591683075
3.6;149;17;4.869016418;6.589616455
3.4;142;17;5.591683075;5.5550497739999996
3.1;135;17;6.589616455;3.5132499389999996
3.3;134;17;5.5550497739999996;2.999066605
3.4;134;17;3.5132499389999996;4.007749908
3.6;133;17;2.999066605;3.021233231
3.7;130;17;4.007749908;2.689233261
3.8;128;17;3.021233231;4.152499756
4.4;112;17;2.689233261;8.440299408
5.1;120;17;4.152499756;14.04826605
5.7;127;17;8.440299408;14.29596625
6.4;135;17;14.04826605;15.26434918
6.4;136;17;14.29596625;14.98608258
6.4;136;17;15.26434918;17.02428229
6.4;137;17;14.98608258;15.38156555
6.6;136;17;17.02428229;11.67889972
6.7;134;17;15.38156555;12.7946496
6.9;133;17;11.67889972;14.6878161
7.2;133;17;12.7946496;19.7493324
7.6;133;17;14.6878161;29.58398218
8.1;133;17;19.7493324;24.63846631
8.0;134;16;29.58398218;27.07631543
7.9;134;16;24.63846631;27.10426563
7.8;135;16;27.07631543;24.88944873
8.0;136;16;27.10426563;26.82276599
8.1;137;16;24.88944873;35.02943164
8.3;138;16;26.82276599;31.41671558
8.6;138;17;35.02943164;30.94871582
8.8;139;17;31.41671558;36.72748169
9.1;139;17;30.94871582;36.00846484
9.0;139;17;36.72748169;32.98778149
8.9;138;17;36.00846484;29.96979932
7.9;136;17;32.98778149;32.00181543
8.5;137;17;29.96979932;33.65224902
9.1;138;17;32.00181543;37.42486426
9.7;139;17;33.65224902;37.79379834
9.2;137;17;37.42486426;36.3485144
8.6;134;17;37.79379834;35.87614819
8.1;132;17;36.3485144;33.86804858
8.5;135;17;35.87614819;33.04873169
9.0;137;17;33.86804858;34.83013159
9.4;140;17;33.04873169;36.93339868
9.5;139;17;34.83013159;38.05586475
9.7;139;17;36.93339868;38.08253174
9.5;137;17;38.05586475;37.93704834
10.0;136;16;38.08253174;36.99741431
10.4;135;16;37.93704834;36.99181445
10.9;134;16;36.99741431;36.80668188
10.9;136;16;36.99181445;37.43473193
11.0;138;16;36.80668188;37.34639819
11.0;140;16;37.43473193;37.79938086
10.7;139;17;37.34639819;37.49386475
10.4;138;17;37.79938086;36.90024805
10.1;137;17;37.49386475;36.806197999999995
10.1;138;17;36.90024805;36.478064700000004
10.2;139;17;36.806197999999995;37.46916553
9.7;141;17;36.478064700000004;37.49361426
10.0;140;17;37.46916553;37.10074779999999
10.4;138;17;37.49361426;36.21718115
10.7;137;17;37.10074779999999;36.32453125
10.7;136;17;36.21718115;37.29896436
10.7;134;17;36.32453125;36.97764868
10.7;133;17;37.29896436;35.64203125
10.6;134;17;36.97764868;37.19376563
10.5;135;17;35.64203125;37.33543115
10.4;136;17;37.19376563;37.74079834
10.1;137;17;37.33543115;37.38929907
9.9;137;17;37.74079834;37.20954688
10.1;138;17;37.38929907;36.95666455
9.7;139;16;37.20954688;36.3202981
9.4;140;16;36.95666455;37.19818164
9.0;141;16;36.3202981;37.32043018
9.1;143;16;37.19818164;36.22381519
9.3;146;16;37.32043018;35.35441504
9.4;148;16;36.22381519;35.66434741
8.7;149;17;35.35441504;30.816
8.1;149;17;35.66434741;20.16
7.4;150;17;30.816;19.40669934
7.2;150;17;20.16;13.95949915
7.0;149;17;19.40669934;10.86003284
6.4;144;17;13.95949915;14.573216
6.6;144;17;10.86003284;13.08959949
6.7;143;17;14.573216;11.19086609
6.9;143;17;13.08959949;13.42099963
6.8;144;17;11.19086609;18.77903271
6.6;145;17;13.42099963;17.34056604
6.5;146;17;18.77903271;14.74491602
6.4;144;17;17.34056604;17.00784937
6.3;142;17;14.74491602;23.50284888
6.2;140;17;17.00784937;19.67269922
6.3;140;17;23.50284888;14.679832399999999
6.4;139;17;19.67269922;14.36496619
6.7;137;17;14.679832399999999;14.09547382
6.7;137;16;14.36496619;16.17958527
6.6;138;16;14.09547382;12.24863275
6.6;138;16;16.17958527;17.60666602
6.2;140;16;12.24863275;16.89276599
5.7;142;16;17.60666602;19.55721533
5.3;144;16;16.89276599;15.95973242
5.1;137;17;19.55721533;14.82758276
5.0;131;17;15.95973242;10.07299963
4.8;124;17;14.82758276;8.588516235
5.1;124;17;10.07299963;6.039316437
5.3;123;17;8.588516235;7.715916228999999
5.4;108;17;6.039316437;10.93851624
5.3;108;17;7.715916228999999;14.44451569
5.2;108;17;10.93851624;15.41249915
5.1;108;17;14.44451569;10.05909961
5.4;109;17;15.41249915;9.089366058
5.6;111;17;10.05909961;10.97781598
5.9;112;17;9.089366058;8.070449554
6.0;108;17;10.97781598;16.5194989
6.0;105;17;8.070449554;14.66024951
6.1;101;17;16.5194989;9.892332763999999
6.3;102;17;14.66024951;15.67954919
6.5;103;17;9.892332763999999;17.10738281
6.8;100;17;15.67954919;17.24523267
6.8;101;16;17.10738281;17.15378223
6.9;102;16;17.24523267;19.62963245
6.9;103;16;17.15378223;23.17146545
7.2;105;16;19.62963245;25.76313232
7.6;106;16;23.17146545;20.70038245
7.9;108;16;25.76313232;21.85339856
7.7;104;17;20.70038245;24.47563196
7.4;101;17;21.85339856;23.82548254
7.2;97;17;24.47563196;21.81186597
7.3;95;17;23.82548254;20.19319897
7.3;94;17;21.81186597;25.44888196
7.1;91;17;20.19319897;29.86903162
6.9;91;17;25.44888196;26.95658228
6.8;91;17;29.86903162;25.54041614
6.6;91;17;26.95658228;11.24338287
6.5;89;17;25.54041614;13.20179938
6.4;88;17;11.24338287;18.22671558
6.3;86;17;13.20179938;11.04893274
6.1;87;17;18.22671558;14.64913287
5.9;87;17;11.04893274;16.48899884
5.7;88;17;14.64913287;12.42876624
5.7;80;17;16.48899884;6.869966338999999
5.6;71;17;12.42876624;10.43551624
5.7;67;17;6.869966338999999;10.41313284
6.3;78;17;10.43551624;9.686949402
6.9;90;17;10.41313284;17.21353241
7.5;101;17;9.686949402;21.52249878
7.6;104;17;17.21353241;21.10103259
7.7;108;17;21.52249878;22.66588245
7.8;111;17;21.10103259;23.73124854
7.8;120;17;22.66588245;25.36751575
7.8;130;17;23.73124854;28.98489917
7.8;139;17;25.36751575;26.87606567
7.4;132;17;28.98489917;30.35706494
7.0;126;17;26.87606567;27.76741565
7.4;131;17;30.35706494;25.59816614
7.3;128;17;27.76741565;22.09023267
7.1;125;17;25.59816614;30.09934888
7.0;122;17;22.09023267;34.56348218
7.4;124;17;30.09934888;34.06106445
7.7;126;17;34.56348218;31.88058203
8.1;128;17;34.06106445;29.03421606
7.6;127;17;31.88058203;18.81026575
7.1;127;17;29.03421606;28.17748254
6.6;126;17;18.81026575;29.12596484
6.3;125;17;28.17748254;15.68049927
6.1;125;17;29.12596484;8.945199829
5.2;116;17;15.68049927;11.10398303
4.6;111;17;8.945199829;5.734016479
4.0;106;17;11.10398303;8.217033142
3.4;101;17;5.734016479;6.481716492
3.0;98;17;8.217033142;4.2478498689999995
2.6;96;17;6.481716492;3.2314665369999998
2.2;93;17;4.2478498689999995;2.5238666530000002
1.8;102;17;3.2314665369999998;2.2430000000000003
1.4;112;17;2.5238666530000002;2.375
1.0;121;17;2.2430000000000003;2.375
1.5;162;17;2.375;2.375
2.0;203;17;2.375;2.40025
2.5;229;17;2.375;2.456300003
2.6;230;17;2.40025;2.300633316
2.7;231;17;2.456300003;2.416800003
2.8;232;17;2.300633316;2.552366669
2.7;215;17;2.416800003;2.583983322
2.5;199;17;2.552366669;2.630099991
2.4;182;17;2.583983322;2.61431665
2.8;167;17;2.630099991;2.437233337
3.1;152;17;2.61431665;2.406599945
3.5;137;17;2.437233337;3.818983246
4.0;133;17;2.406599945;5.162833206
4.4;129;17;3.818983246;7.228949828999999
4.9;125;17;5.162833206;7.926899627999999
5.3;123;16;7.228949828999999;8.39896637
5.8;122;16;7.926899627999999;8.806249572999999
6.2;120;16;8.39896637;11.14613281
6.6;120;16;8.806249572999999;16.55426538
7.0;119;16;11.14613281;11.88638281
7.4;119;16;16.55426538;17.50526587
7.1;117;17;11.88638281;19.11409937
6.8;114;17;17.50526587;20.8375824
6.5;112;17;19.11409937;25.67091589
7.0;121;17;20.8375824;27.50723206
7.5;130;17;25.67091589;29.49358179
7.8;131;17;27.50723206;29.40924902
7.7;129;17;29.49358179;31.54168164
7.6;128;17;29.40924902;29.66198267
7.5;126;17;31.54168164;20.35068262
7.4;129;17;29.66198267;23.51438232
7.2;133;17;20.35068262;26.25539905
7.1;136;17;23.51438232;27.25928284
6.9;137;17;26.25539905;23.3967323
6.8;137;17;27.25928284;25.09848218
6.6;138;17;23.3967323;22.06159924
6.5;140;17;25.09848218;22.76018237
6.5;142;17;22.06159924;27.0187489
7.0;146;17;22.76018237;21.7080658
6.6;144;16;27.0187489;18.39269861
6.2;142;16;21.7080658;15.03386621
5.8;140;16;18.39269861;16.11538245
5.5;139;16;15.03386621;10.60146631
5.1;139;16;16.11538245;7.769816284
4.8;138;16;10.60146631;11.22106635
4.9;137;17;7.769816284;14.94178284
4.9;135;17;11.22106635;8.482166504
5.0;134;17;14.94178284;10.81788293
5.1;130;17;8.482166504;8.982032837
5.3;127;17;10.81788293;11.14088293
4.7;117;17;8.982032837;10.31116632
5.1;120;17;11.14088293;10.28891614
5.5;123;17;10.31116632;11.90238287
5.9;126;17;10.28891614;9.465449615
5.8;131;17;11.90238287;9.173499817
5.7;137;17;9.465449615;12.51284961
5.6;142;17;9.173499817;10.85984967
5.1;147;17;12.51284961;11.23994928
4.7;153;17;10.85984967;10.41798273
4.2;158;17;11.23994928;10.37689954
4.3;157;17;10.41798273;6.425433044
4.4;157;17;10.37689954;5.738466582999999
4.9;139;17;6.425433044;5.8419331670000005
4.6;148;16;5.738466582999999;3.949727127
4.3;158;16;5.8419331670000005;3.190049881
4.0;167;16;3.949727127;3.578933228
3.9;185;16;3.190049881;3.084099899
3.7;202;16;3.578933228;2.7097332610000002
3.6;220;16;3.084099899;2.57788327
4.0;230;17;2.7097332610000002;2.4644832919999997
4.3;240;17;2.57788327;2.322883301
4.7;250;17;2.4644832919999997;2.209249954
4.5;241;17;2.322883301;2.161716675
4.4;232;17;2.209249954;2.135
4.6;244;17;2.161716675;2.135
4.2;246;17;2.135;2.135
3.8;248;17;2.135;2.135
3.4;250;17;2.135;2.135
3.1;242;17;2.135;2.135
2.8;233;17;2.135;2.135
2.5;225;17;2.135;2.135
2.4;224;17;2.135;2.135
2.2;224;17;2.135;2.135
2.1;223;17;2.135;2.135
2.0;222;17;2.135;2.135
2.0;220;17;2.135;2.135
1.3;214;17;2.135;2.135
1.6;213;16;2.135;2.135
2.0;213;16;2.135;2.139283325
2.3;212;16;2.135;2.168
2.4;230;16;2.139283325;2.168
2.6;248;16;2.168;2.168
2.7;266;16;2.168;2.168
2.8;278;17;2.168;2.168
2.8;290;17;2.168;2.168
2.9;302;17;2.168;2.168
2.6;306;17;2.168;2.168
2.4;310;17;2.168;2.168
2.6;343;17;2.168;2.168
2.4;343;17;2.168;2.168
2.1;342;17;2.168;2.168
1.9;342;17;2.168;2.168
2.0;333;17;2.168;2.168
2.0;323;17;2.168;2.168
2.1;314;17;2.168;2.168
2.3;317;17;2.168;2.168
2.4;321;17;2.168;2.168
2.6;324;17;2.168;2.168
2.7;324;17;2.168;2.168
2.8;325;17;2.168;2.168
3.2;334;17;2.168;2.168
3.2;333;15;2.168;2.168
3.3;332;15;2.168;2.168
3.3;331;15;2.168;2.324716614
3.7;330;15;2.168;4.607349731
4.2;329;15;2.324716614;6.836932922000001
4.6;328;15;4.607349731;6.7048331910000005
5.0;331;17;6.836932922000001;7.457132812999999
5.5;334;17;6.7048331910000005;12.74656604
5.9;337;17;7.457132812999999;13.09416644
5.9;338;17;12.74656604;10.31011603
6.0;340;17;13.09416644;8.086499664
6.7;348;17;10.31011603;9.831566223
6.8;348;17;8.086499664;11.0540329
6.9;349;17;9.831566223;19.5855658
7.0;349;17;11.0540329;20.63503198
7.3;355;17;19.5855658;19.68601526
7.7;2;17;20.63503198;22.68174902
8.0;8;17;19.68601526;25.07671594
8.0;6;17;22.68174902;24.0594823
8.1;4;17;25.07671594;22.92679895
8.1;2;17;24.0594823;24.23303259
8.0;2;17;22.92679895;22.58158203
7.9;1;17;24.23303259;20.73711572
8.4;354;17;22.58158203;23.384282100000004
8.2;352;17;20.73711572;21.54413232
8.0;351;17;23.384282100000004;21.08448218
7.8;349;17;21.54413232;19.74973218
7.4;351;17;21.08448218;13.85651611
7.1;353;17;19.74973218;13.41229956
6.7;355;17;13.85651611;14.84291602
6.7;356;17;13.41229956;18.5751322
6.8;358;17;14.84291602;13.23761621
6.8;359;17;18.5751322;16.08136609
6.3;359;17;13.23761621;12.18809937
5.7;359;17;16.08136609;9.638949463
5.8;356;17;12.18809937;5.9479164120000005
5.3;352;17;9.638949463;5.119699738
4.7;347;17;5.9479164120000005;3.924816574
4.2;343;17;5.119699738;4.314033234
4.1;341;17;3.924816574;3.987033264
4.1;339;17;4.314033234;4.386699799
4.0;337;17;3.987033264;4.0422499080000005
3.9;339;17;4.386699799;3.7374333039999996
3.9;342;17;4.0422499080000005;2.9670999910000004
3.8;344;17;3.7374333039999996;2.884
3.2;334;17;2.9670999910000004;2.773
2.7;325;17;2.884;2.773
2.8;321;17;2.773;2.773
2.6;301;17;2.773;2.773
2.4;280;17;2.773;2.773
2.2;260;17;2.773;2.6210000000000004
2.7;258;17;2.773;2.545
3.2;255;17;2.6210000000000004;2.6888833310000004
3.7;253;17;2.545;2.7643499910000005
3.9;253;17;2.6888833310000004;2.680783279
4.0;252;17;2.7643499910000005;2.740816605
4.2;252;17;2.680783279;3.353866547
4.4;256;17;2.740816605;3.432549957
4.5;261;17;3.353866547;3.920099884
4.6;261;17;3.432549957;5.033133133
4.8;256;17;3.920099884;5.920449737999999
4.9;251;17;5.033133133;5.561283127
5.1;246;17;5.920449737999999;4.2860000000000005
4.3;265;17;5.561283127;4.2211832430000005
3.6;283;17;4.2860000000000005;4.197599838
2.8;302;17;4.2211832430000005;3.6441000060000004
2.8;287;17;4.197599838;3.26631662
2.9;273;17;3.6441000060000004;3.162599945
2.9;258;17;3.26631662;3.459216614
2.9;254;17;3.162599945;2.993516647
3.0;251;17;3.459216614;2.658933304
2.8;265;17;2.993516647;2.215216629
3.0;271;17;2.658933304;2.124333328
3.2;277;16;2.215216629;2.194716591
3.4;283;16;2.124333328;2.370899948
3.2;290;16;2.194716591;2.661266636
3.1;296;16;2.370899948;2.3686999319999997
2.9;303;16;2.661266636;2.7490498960000003
3.3;331;17;2.3686999319999997;2.610833267
3.7;0;17;2.7490498960000003;2.50548333
4.1;28;17;2.610833267;3.130916565
3.9;30;17;2.50548333;3.529333313
3.7;33;17;3.130916565;3.0750332489999996
2.6;35;17;3.529333313;2.486599991
2.4;39;17;3.0750332489999996;2.229466667
2.3;42;17;2.486599991;2.128266666
2.1;46;17;2.229466667;2.122
2.6;54;17;2.128266666;2.122
3.2;63;17;2.122;2.122
3.7;71;17;2.122;2.0289666669999997
3.6;86;17;2.122;1.993999969
3.6;101;17;2.0289666669999997;2.187783295
3.5;116;17;1.993999969;4.720866425
4.3;117;17;2.187783295;9.999516174
5.1;119;17;4.720866425;8.026783081
6.0;118;17;9.999516174;6.297116364
6.0;121;16;8.026783081;8.183383057
6.0;124;16;6.297116364;10.71584967
6.0;127;16;8.183383057;7.8371496579999995
5.3;118;16;10.71584967;6.859033081000001
4.5;109;16;7.8371496579999995;4.20969986
3.8;100;16;6.859033081000001;3.653749908
4.3;100;17;4.20969986;3.5855832519999997
4.9;101;17;3.653749908;4.65958313
5.4;101;17;3.5855832519999997;7.204599883999999
5.4;100;17;4.65958313;7.179416412
5.4;99;17;7.204599883999999;6.855449768
5.2;94;17;7.179416412;7.411233032
5.2;93;17;6.855449768;10.64699939
5.1;91;17;7.411233032;13.16916614
5.1;90;17;10.64699939;19.25031598
5.2;89;17;13.16916614;23.63698224
5.3;89;17;19.25031598;13.05274951
5.4;88;17;23.63698224;16.48414923
5.3;86;17;13.05274951;5.3119830630000004
5.2;83;17;16.48414923;10.32108261
5.1;81;17;5.3119830630000004;5.755516357
5.1;82;17;10.32108261;11.66089948
5.2;82;17;5.755516357;6.470866425
5.3;81;17;11.66089948;11.93103271
6.1;89;17;6.470866425;22.89816602
7.0;97;17;11.93103271;27.87986597
7.8;105;17;22.89816602;30.81981519
8.1;108;17;27.87986597;32.74318213
8.3;112;17;30.81981519;31.88121509
8.6;115;17;32.74318213;34.98253101
8.6;117;17;31.88121509;29.39178247
8.5;118;17;34.98253101;32.64409839
8.5;120;17;29.39178247;32.81089893
8.7;120;17;32.64409839;30.21924902
8.9;121;17;32.81089893;30.76671558
9.1;121;17;30.21924902;31.64061499
8.8;121;17;30.76671558;32.521597899999996
8.4;122;17;31.64061499;33.43333203
8.1;122;17;32.521597899999996;30.45128247
8.4;123;17;33.43333203;30.19859863
8.8;125;17;30.45128247;31.626298100000003
9.1;126;17;30.19859863;27.65324902
9.2;126;17;31.626298100000003;32.14461548
9.4;127;17;27.65324902;33.93029834
9.5;127;17;32.14461548;33.74091479
9.4;127;17;33.93029834;33.20316553
9.2;128;17;33.74091479;27.02589929
9.2;128;17;33.20316553;26.63793237
9.2;129;16;27.02589929;29.42489868
9.2;131;16;26.63793237;32.27053223
9.2;132;16;29.42489868;34.76546509
9.1;138;17;32.27053223;32.27286621
8.9;143;16;34.76546509;32.02118213
8.8;149;16;32.27286621;29.44533185
8.4;143;17;32.02118213;30.09321533
7.9;138;17;29.44533185;30.28663208
7.5;132;17;30.09321533;28.45456555
7.3;134;17;30.28663208;26.09373218
7.2;136;17;28.45456555;24.19834875
7.0;134;17;26.09373218;28.93369873
7.3;136;17;24.19834875;26.76644873
7.7;139;17;28.93369873;28.96148193
8.0;141;17;26.76644873;30.51193188
8.0;143;17;28.96148193;25.82726587
7.9;144;17;30.51193188;24.58758228
7.9;146;17;25.82726587;25.1371991
7.6;145;17;24.58758228;24.11284839
7.3;145;17;25.1371991;24.69566565
7.0;144;17;24.11284839;25.65788196
6.9;142;17;24.69566565;22.65914893
6.9;139;17;25.65788196;19.98134875
6.8;138;17;22.65914893;18.50018213
6.8;140;16;19.98134875;25.97743237
6.9;143;16;18.50018213;28.27204907
6.9;145;16;25.97743237;26.73144946
6.7;149;16;28.27204907;27.34676587
6.4;152;16;26.73144946;23.62199939
6.2;156;16;27.34676587;15.43278259
5.8;156;17;23.62199939;11.18423285
5.3;157;17;15.43278259;8.205199646
4.9;157;17;11.18423285;7.85366629
4.7;156;17;8.205199646;6.137766251
4.6;154;17;7.85366629;5.259099915
2.8;148;17;6.137766251;5.32208316
3.3;143;17;5.259099915;5.2789664919999995
3.9;139;17;5.32208316;10.05861627
4.4;134;17;5.2789664919999995;11.69861609
4.9;135;17;10.05861627;11.07849933
5.5;137;17;11.69861609;14.11221625
6.0;138;17;11.07849933;16.22096588
5.7;141;17;14.11221625;13.36849933
5.3;144;17;16.22096588;17.83371606
5.0;147;17;13.36849933;8.917732971
4.9;150;17;17.83371606;6.080616425
4.7;152;17;8.917732971;8.156999634
4.4;152;17;6.080616425;6.319883148
4.5;152;17;8.156999634;4.96864975
4.6;153;17;6.319883148;6.235683044
4.7;153;17;4.96864975;6.029299743999999
4.1;159;17;6.235683044;5.661483092999999
3.4;165;17;6.029299743999999;3.444299881
2.8;171;17;5.661483092999999;2.901333328
2.4;220;17;3.444299881;2.795
2.0;270;17;2.901333328;2.636
1.6;319;17;2.795;2.636
2.3;10;17;2.636;2.636
3.0;61;17;2.636;2.670999996
3.5;61;17;2.636;3.020699982
4.0;83;17;2.670999996;4.393433228
4.5;104;17;3.020699982;7.677132935
5.0;126;17;4.393433228;8.790199553999999
5.5;127;17;7.677132935;11.5866994
5.9;129;17;8.790199553999999;13.12699927
6.4;130;17;11.5866994;13.71679919
6.3;129;17;13.12699927;11.5871496
6.2;129;17;13.71679919;19.79703223
6.1;128;17;11.5871496;16.75553259
6.1;129;17;19.79703223;18.8904657
6.0;131;17;16.75553259;14.64284967
6.0;133;17;18.8904657;19.20244922
6.2;136;17;14.64284967;18.08856561
6.3;140;17;19.20244922;18.08151563
6.5;143;17;18.08856561;26.68971558
6.3;145;17;18.08151563;26.03791504
6.1;148;17;26.68971558;15.95663232
5.9;150;17;26.03791504;11.81278271
6.2;145;17;15.95663232;8.278599731
6.5;141;17;11.81278271;9.198716064
6.8;136;17;8.278599731;13.32666614
6.7;136;17;9.198716064;11.72933264
6.6;137;17;13.32666614;12.25343274
6.5;132;17;11.72933264;13.59901611
6.3;132;17;12.25343274;9.130282897999999
6.2;131;17;13.59901611;8.370132935
6.0;131;17;9.130282897999999;9.834132935
6.0;133;17;8.370132935;12.20746613
5.9;136;17;9.834132935;15.861599300000002
5.9;138;17;12.20746613;15.45422314
5.7;140;17;15.861599300000002;19.03414929
5.5;142;17;15.45422314;10.39813287
5.3;144;17;19.03414929;9.976949524
5.1;144;17;10.39813287;11.411316099999999
4.9;145;17;9.976949524;14.12644958
4.8;141;17;11.411316099999999;9.312616333
4.8;141;16;14.12644958;6.218033157000001
4.9;141;16;9.312616333;5.760483123999999
4.9;141;16;6.218033157000001;5.263864227
4.9;137;16;5.760483123999999;
4.8;134;16;5.263864227;
4.8;130;16;;7.510199646
4.8;128;17;;7.429282959
4.7;127;17;7.510199646;7.2166162410000005
4.7;125;17;7.429282959;5.790049652
5.2;125;17;7.2166162410000005;7.8782161870000005
5.6;126;17;5.790049652;11.25293243
6.1;122;17;7.8782161870000005;14.73946594
6.7;126;17;11.25293243;17.4274657
7.3;130;17;14.73946594;19.10859924
7.9;134;17;17.4274657;23.89349927
7.8;134;17;19.10859924;28.97466553
7.6;135;17;23.89349927;31.22999854
7.5;135;17;28.97466553;31.89828198
7.5;139;17;31.22999854;36.29624854
7.4;142;17;31.89828198;35.5803147
7.4;146;17;36.29624854;26.64451587
7.4;148;17;35.5803147;24.89814868
7.4;149;17;26.64451587;19.8500658
7.3;150;17;24.89814868;17.34611707
7.0;150;17;19.8500658;16.7506156
6.6;151;17;17.34611707;19.14274902
6.3;151;17;16.7506156;23.0260824
5.8;151;17;19.14274902;25.882032100000004
5.3;151;17;23.0260824;17.570998899999996
4.8;151;17;25.882032100000004;21.4889491
4.6;142;17;17.570998899999996;15.60631604
4.3;133;17;21.4889491;12.73364957
4.1;124;17;15.60631604;4.950533112
4.5;126;17;12.73364957;5.553749756
4.8;129;17;4.950533112;5.635416382000001
5.5;133;17;5.553749756;7.797299682999999
5.8;135;17;5.635416382000001;12.18469916
6.0;138;17;7.797299682999999;16.95633228
6.3;140;17;12.18469916;17.90993286
6.2;141;17;16.95633228;13.08201624
6.2;141;17;17.90993286;13.8982995
6.1;142;17;13.08201624;17.29826611
6.1;141;17;13.8982995;7.939749634
6.0;140;17;17.29826611;8.603366211
6.0;139;17;7.939749634;6.835083191
5.9;140;17;8.603366211;9.316733032
5.7;141;17;6.835083191;12.78643304
5.7;141;17;9.316733032;14.33984906
5.7;140;16;12.78643304;13.96944934
5.8;138;16;14.33984906;14.80591595
5.8;137;16;13.96944934;14.74610602
5.8;137;16;14.80591595;15.38041602
5.9;137;16;14.74610602;12.93984961
5.9;137;16;15.38041602;15.909232300000001
6.1;135;17;12.93984961;16.34413281
6.2;134;17;15.909232300000001;17.90043219
6.4;132;17;16.34413281;12.50819934
6.1;129;17;17.90043219;15.1164491
5.8;127;17;12.50819934;20.71596533
4.9;114;17;15.1164491;27.20504932
5.3;119;17;20.71596533;15.23281598
5.6;125;17;27.20504932;13.41769934
6.0;130;17;15.23281598;19.63586572
6.4;131;17;13.41769934;18.70524878
6.9;132;17;19.63586572;32.49296582
7.3;133;17;18.70524878;25.45299878
7.4;133;17;32.49296582;19.29828284
7.4;134;17;25.45299878;9.892827271
7.5;134;17;19.29828284;17.805631899999998
7.6;134;17;9.892827271;18.45089917
7.8;135;17;17.805631899999998;26.90376538
8.2;134;17;18.45089917;31.97799829
7.8;133;15;26.90376538;36.26741455
7.4;131;15;31.97799829;37.14918188
7.0;130;15;36.26741455;34.04541479
7.1;133;16;37.14918188;37.08889844
7.3;136;16;34.04541479;34.30568188
7.4;139;16;37.08889844;33.50311548
7.8;141;17;34.30568188;30.62864917
8.3;142;17;33.50311548;36.10009863
8.7;144;17;30.62864917;36.0703479
8.2;145;17;36.10009863;31.69714917
7.8;147;17;36.0703479;36.69203174
7.5;144;17;31.69714917;34.69223193
7.4;146;17;36.69203174;29.05411597
7.2;149;17;34.69223193;36.09584814
7.1;151;17;29.05411597;35.22556470000001
7.1;148;17;36.09584814;35.564798100000004
7.0;145;17;35.22556470000001;36.78146484
7.0;142;17;35.564798100000004;31.97943213
7.3;141;17;36.78146484;28.86738208
7.7;140;17;31.97943213;30.55673181
8.0;139;17;28.86738208;32.30439929
7.8;138;17;30.55673181;33.04284839
7.7;138;17;32.30439929;32.82613208
7.4;137;17;33.04284839;36.66259839
7.8;137;16;32.82613208;29.47866553
8.1;138;16;36.66259839;33.90461523
8.5;138;16;29.47866553;34.50649829
8.5;136;16;33.90461523;31.13706567
8.4;135;16;34.50649829;34.54784937
8.4;133;16;31.13706567;35.22023242
8.6;134;17;34.54784937;35.13524805
8.8;136;17;35.22023242;36.31121411
9.0;137;17;35.13524805;36.90359741
9.0;137;17;36.31121411;36.69948193
9.0;137;17;36.90359741;33.91559863
9.3;138;17;36.69948193;35.76461499
9.9;137;17;33.91559863;36.97118115
10.4;135;17;35.76461499;36.37029834
11.0;134;17;36.97118115;35.53498193
11.1;134;17;36.37029834;29.49853223
11.3;134;17;35.53498193;35.30243188
11.4;134;17;29.49853223;37.26336523
11.0;133;17;35.30243188;37.80396582
10.6;133;17;37.26336523;36.67569775
10.2;132;17;37.80396582;37.55099854
10.6;134;17;36.67569775;38.22679736
11.0;137;17;37.55099854;38.02416626
11.4;138;17;38.22679736;37.62264746
11.2;137;17;38.02416626;36.39898193
11.1;136;17;37.62264746;37.54006592
10.9;135;17;36.39898193;37.25326514
10.3;140;17;37.54006592;35.84039893
9.6;145;17;37.25326514;37.39953271
9.0;150;17;35.84039893;38.17356494
9.1;148;17;37.39953271;38.24931592
9.2;147;17;38.17356494;38.14781592
9.3;145;17;38.24931592;37.85753223
8.9;140;17;38.14781592;34.57873145
8.4;136;17;37.85753223;33.02891553
8.4;138;17;34.57873145;36.92401563
8.3;137;17;33.02891553;35.94584814
8.1;136;17;36.92401563;36.04729736
8.0;135;17;35.94584814;37.32056445
8.3;134;17;36.04729736;30.52371582
8.5;132;17;37.32056445;35.32278198
8.8;131;17;30.52371582;36.9875498
9.0;132;17;35.32278198;34.91189917
9.3;133;17;36.9875498;36.04823193
9.5;134;17;34.91189917;37.23888184
9.4;132;17;36.04823193;35.8365813
9.3;131;17;37.23888184;36.14299756
9.5;127;17;35.8365813;36.87449756
9.6;128;17;36.14299756;38.09623047
9.6;130;17;36.87449756;38.10319824
9.7;131;17;38.09623047;37.99243164
10.2;135;17;38.10319824;36.9687312
10.6;139;17;37.99243164;37.243714600000004
11.1;143;17;36.9687312;37.28138062
11.1;141;17;37.243714600000004;36.95926416
11.0;140;17;37.28138062;37.34229858
11.0;138;17;36.95926416;37.96764844
11.0;138;17;37.34229858;37.51589844
11.0;139;17;37.96764844;36.66488062
11.7;136;17;37.51589844;37.69516431
11.6;135;17;36.66488062;37.56241406
11.5;135;17;37.69516431;36.99613135
11.4;134;17;37.56241406;38.34293213
11.7;132;17;36.99613135;37.59139771
12.0;130;17;38.34293213;37.50334766
12.3;128;17;37.59139771;36.23836426
13.0;128;17;37.50334766;35.89524805
13.7;128;17;36.23836426;35.74843115
14.4;128;17;35.89524805;36.59353223
14.0;129;17;35.74843115;37.83316406
13.6;129;17;36.59353223;38.1232981
12.9;128;17;37.83316406;38.67153027
13.0;128;16;38.1232981;36.65786499
13.0;129;16;38.67153027;35.97673047
13.1;129;16;36.65786499;34.00164844
12.6;131;16;35.97673047;33.04256543
12.2;134;16;34.00164844;36.75638135
11.7;136;16;33.04256543;37.68558203
11.0;134;17;36.75638135;38.47116602
10.2;132;17;37.68558203;37.91393164
9.5;130;17;38.47116602;37.09716455
9.4;129;17;37.91393164;36.91241504
9.2;128;17;37.09716455;30.19534888
8.7;124;17;36.91241504;35.4131814
8.8;125;17;30.19534888;35.50994751
8.9;125;17;35.4131814;34.72723169
9.0;126;17;35.50994751;37.19166431
8.8;127;17;34.72723169;36.66329858
8.5;127;17;37.19166431;32.37524854
8.3;128;17;36.66329858;32.7827312
8.0;127;17;32.37524854;33.22038232
7.6;126;17;32.7827312;31.31203223
7.3;125;17;33.22038232;25.98853235
7.3;125;17;31.31203223;23.31818237
7.3;124;17;25.98853235;16.51493274
7.8;125;17;23.31818237;12.9464826
7.4;128;16;16.51493274;23.88228223
7.1;130;16;12.9464826;17.50929895
6.7;133;16;23.88228223;19.58816541
6.0;149;16;17.50929895;14.93773267
5.3;165;16;19.58816541;10.64969946
4.6;181;16;14.93773267;6.035599701000001
3.2;189;17;10.64969946;2.958833237
1.8;198;17;6.035599701000001;2.8182333369999997
0.4;206;17;2.958833237;2.821
1.0;155;17;2.8182333369999997;2.821
1.7;105;17;2.821;2.821
2.5;152;17;2.821;2.821
2.4;152;17;2.821;2.821
2.2;153;17;2.821;2.821
2.1;153;17;2.821;2.863733261
3.4;163;17;2.821;4.454866455
4.6;172;17;2.863733261;7.844016327
5.9;182;17;4.454866455;7.704599547999999
6.5;193;17;7.844016327;5.659299744
7.0;204;17;7.704599547999999;6.975516388
7.6;215;17;5.659299744;8.285016235
7.6;221;17;6.975516388;4.29301651
7.5;226;17;8.285016235;2.94916655
5.7;250;17;4.29301651;2.896533279
6.2;257;16;2.94916655;3.1935332639999996
6.6;264;16;2.896533279;3.9024831389999997
7.1;271;16;3.1935332639999996;7.361116211000001
7.3;270;16;3.9024831389999997;13.40738312
7.5;270;16;7.361116211000001;18.26323267
7.7;269;16;13.40738312;20.37646606
7.8;267;17;18.26323267;18.03201569
7.9;265;17;20.37646606;13.83876605
8.0;263;17;18.03201569;11.20731601
8.1;266;17;13.83876605;10.43488293
8.1;268;17;11.20731601;8.020666198999999
7.2;277;17;10.43488293;8.894249451
6.8;278;17;8.020666198999999;8.958899597
6.5;279;17;8.894249451;10.95591602
6.1;280;17;8.958899597;8.537749573
6.2;282;17;10.95591602;6.875532959
6.2;283;17;8.537749573;8.279916382
6.3;285;17;6.875532959;10.49398285
6.4;285;17;8.279916382;11.26849988
6.6;285;17;10.49398285;17.12539917
6.7;285;17;11.26849988;14.65964966
6.7;285;17;17.12539917;11.51349939
6.6;285;17;14.65964966;11.7809328
6.5;289;17;11.51349939;14.71079926
6.3;292;16;11.7809328;14.57253259
6.2;294;16;14.71079926;12.70124939
6.0;297;16;14.57253259;7.38091629
5.5;301;16;12.70124939;8.437749695
5.0;305;16;7.38091629;6.395083099
4.5;309;16;8.437749695;4.864949692
4.9;311;17;6.395083099;4.000599823
5.4;314;17;4.864949692;2.654416641
5.8;316;17;4.000599823;2.2056833190000003
5.4;335;17;2.654416641;1.96681665
5.1;355;17;2.2056833190000003;2.16331665
5.0;14;17;1.96681665;2.401316635
5.3;7;17;2.16331665;6.101699707000001
5.6;1;17;2.401316635;9.731166137999999
5.9;354;17;6.101699707000001;10.55838251
5.9;353;17;9.731166137999999;9.825832947
5.8;351;17;10.55838251;8.033949646
5.8;350;17;9.825832947;17.7284325
6.4;346;17;8.033949646;17.83838232
6.9;342;17;17.7284325;20.75858258
7.5;338;17;17.83838232;20.65221564
7.8;333;17;20.75858258;17.59948267
8.0;329;17;20.65221564;18.12739929
8.7;326;17;17.59948267;21.05273206
9.3;326;16;18.12739929;22.02496558
9.8;326;16;21.05273206;24.83549866
10.4;326;16;22.02496558;29.08428223
9.9;325;16;24.83549866;29.43753223
9.5;323;16;29.08428223;20.75138245
9.0;322;16;29.43753223;19.82938245
8.2;316;17;20.75138245;16.04954907
7.3;310;17;19.82938245;12.54036627
6.5;304;17;16.04954907;11.5341994
6.5;294;17;12.54036627;7.501017059
6.6;283;17;11.5341994;11.15718301
6.1;254;17;7.501017059;13.78614917
6.7;256;17;11.15718301;14.765832699999999
7.3;257;17;13.78614917;16.04704919
7.9;259;17;14.765832699999999;20.95384924
8.1;257;17;16.04704919;22.48514905
8.2;256;17;20.95384924;10.4026662
8.4;254;17;22.48514905;12.16973273
7.1;243;17;10.4026662;16.91734943
5.8;232;17;12.16973273;13.00278296
4.5;221;17;16.91734943;4.087466431
4.0;187;17;13.00278296;3.0507166669999997
3.6;152;17;4.087466431;5.1333498539999995
3.0;151;17;3.0507166669999997;7.654433105
3.7;129;17;5.1333498539999995;5.424933014
4.3;106;17;7.654433105;3.629866577
5.0;84;17;5.424933014;2.9355332030000003
4.9;68;17;3.629866577;2.649599899
4.9;52;17;2.9355332030000003;3.055983124
4.8;36;17;2.649599899;2.630299973
4.9;26;17;3.055983124;2.362266624
5.0;15;17;2.630299973;2.306049995
5.1;5;17;2.362266624;2.337383305
5.0;13;17;2.306049995;2.328299957
5.0;20;17;2.337383305;2.598666656
4.6;32;17;2.328299957;2.217533325
4.4;22;17;2.598666656;2.06325
4.3;13;17;2.217533325;1.7445
4.1;3;17;2.06325;1.7280000000000002
4.5;4;17;1.7445;1.7280000000000002
4.9;6;17;1.7280000000000002;1.7280000000000002
5.3;7;17;1.7280000000000002;1.7280000000000002
5.2;8;17;1.7280000000000002;1.7280000000000002
5.0;9;17;1.7280000000000002;1.7280000000000002
4.9;10;17;1.7280000000000002;1.7280000000000002
4.3;4;17;1.7280000000000002;1.7280000000000002
3.7;357;17;1.7280000000000002;2.3515516969999997
3.8;359;17;1.7280000000000002;2.311
3.7;358;17;2.3515516969999997;2.2581999969999997
3.6;356;17;2.311;2.106966667
3.5;355;17;2.2581999969999997;2.096
3.4;353;17;2.106966667;2.096
3.3;350;17;2.096;2.096
3.2;348;17;2.096;2.16175
3.0;348;17;2.096;2.398883331
2.8;349;17;2.16175;2.018983307
2.6;349;17;2.398883331;1.828
2.2;13;17;2.018983307;1.828
1.8;38;17;1.828;1.828
2.3;346;17;1.828;1.828
2.2;41;17;1.828;1.828
2.0;97;17;1.828;1.828
1.9;152;17;1.828;1.828
2.1;158;17;1.828;1.848
2.2;163;17;1.828;1.848
2.4;169;17;1.848;1.913649994
3.1;162;17;1.848;1.949
3.7;155;17;1.913649994;1.949449974
4.4;148;17;1.949;2.0303333130000003
4.7;148;17;1.949449974;2.057
5.1;149;17;2.0303333130000003;2.03228331
5.6;146;17;2.057;2.1947333369999997
5.6;144;17;2.03228331;3.0823905939999996
5.5;142;17;2.1947333369999997;7.03503299
5.5;140;17;3.0823905939999996;10.30546613
5.5;138;17;7.03503299;8.832101333999999
5.5;136;17;10.30546613;10.76931604
5.5;134;17;8.832101333999999;9.274783142
5.1;131;17;10.76931604;12.28483282
4.7;129;17;9.274783142;12.80954932
4.3;126;17;12.28483282;10.07138306
4.8;122;17;12.80954932;10.97846606
5.3;118;17;10.07138306;15.39359912
5.6;115;17;10.97846606;14.47518213
5.9;117;17;15.39359912;20.89014905
6.2;120;17;14.47518213;23.47714905
6.5;122;17;20.89014905;23.64856616
6.6;122;17;23.47714905;13.342666199999998
6.8;121;17;23.64856616;16.20313293
6.9;121;17;13.342666199999998;11.73758301
7.0;122;17;16.20313293;12.04793286
7.2;122;17;11.73758301;12.7952829
7.3;123;17;12.04793286;24.50019946
7.3;122;17;12.7952829;22.55378223
7.4;121;17;24.50019946;24.07991553
7.6;122;17;22.55378223;26.61764868
7.7;121;17;24.07991553;32.76189502
7.9;119;17;26.61764868;35.32473242
8.0;118;17;32.76189502;35.06141504
8.0;117;17;35.32473242;35.43343164
8.0;117;17;35.06141504;33.83068237
8.0;116;17;35.43343164;33.56408203
7.8;117;17;33.83068237;31.70719897
7.6;117;17;33.56408203;25.24914905
7.4;118;17;31.70719897;27.89169885
7.6;116;17;25.24914905;27.92744885
7.7;114;17;27.89169885;30.45443579
7.9;112;17;27.92744885;23.47209924
7.7;115;17;30.45443579;18.58143921
7.6;117;17;23.47209924;19.41789874
7.4;120;17;18.58143921;21.81809888
7.3;121;17;19.41789874;21.86069922
7.1;123;17;21.81809888;19.53178271
7.0;124;17;21.86069922;15.23603253
7.0;128;17;19.53178271;15.65938275
6.9;131;17;15.23603253;17.18564905
6.9;135;17;15.65938275;19.25006531
7.0;136;17;17.18564905;18.43651563
7.2;137;17;19.25006531;17.69029932
7.7;143;17;18.43651563;21.22061572
7.9;141;17;17.69029932;20.59308252
8.1;138;17;21.22061572;13.55783276
8.3;136;17;20.59308252;14.55773315
8.6;136;17;13.55783276;23.65476587
8.8;135;17;14.55773315;28.60793213
9.1;135;17;23.65476587;30.37504877
9.6;135;17;28.60793213;29.43109857
10.1;136;17;30.37504877;32.47301563
10.6;136;17;29.43109857;34.5879978
10.6;138;17;32.47301563;32.89498145
10.7;140;17;34.5879978;36.1263645
10.9;139;17;32.89498145;35.92769775
10.4;145;17;36.1263645;36.17983032
9.9;151;17;35.92769775;34.78756372
9.4;157;17;36.17983032;33.86379883
9.0;155;17;34.78756372;29.09569946
8.7;152;17;33.86379883;23.1644325
8.3;150;17;29.09569946;20.47183209
7.7;150;17;23.1644325;16.74074939
7.2;150;17;20.47183209;13.73653259
6.6;150;17;16.74074939;11.50858282
6.3;146;17;13.73653259;7.075582947000001
5.9;141;17;11.50858282;6.717516357
5.5;142;16;7.075582947000001;5.0540664060000005
5.2;140;16;6.717516357;5.376099731
5.0;139;16;5.0540664060000005;5.111683075
4.7;137;16;5.376099731;4.049166565
4.8;137;16;5.111683075;3.883466583
5.0;137;16;4.049166565;3.88591655
5.1;137;16;3.883466583;4.143249786
5.0;138;16;3.88591655;3.69594986
4.8;138;16;4.143249786;3.8126666260000004
4.7;139;16;3.69594986;3.545016602
4.8;138;17;3.8126666260000004;3.115516663
4.8;138;17;3.545016602;3.172966614
4.6;139;17;3.115516663;3.2539999999999996
4.5;143;17;3.172966614;3.383516602
4.5;146;17;3.2539999999999996;4.29281662
4.4;150;17;3.383516602;4.0425
3.7;162;17;4.29281662;4.178433289
3.0;175;17;4.0425;4.790183228
2.3;187;17;4.178433289;5.151433258
3.0;187;17;4.790183228;4.905399902
3.6;186;17;5.151433258;5.039583282
4.3;186;17;4.905399902;5.793583099
4.8;181;17;5.039583282;5.79658313
5.2;177;17;5.793583099;6.617166321
6.1;156;16;5.79658313;8.721899384
6.7;152;16;6.617166321;14.08089978
7.4;147;16;8.721899384;19.36789905
8.0;143;16;14.08089978;27.32659888
8.4;140;16;19.36789905;25.13136572
8.7;137;16;27.32659888;25.51693188
9.1;134;16;25.13136572;27.52913208
9.4;136;16;25.51693188;31.20899902
9.6;139;16;27.52913208;35.11609839
9.9;141;16;31.20899902;35.25741455
10.2;142;17;35.11609839;35.83438086
10.5;144;17;35.25741455;36.6843479
11.2;143;17;35.83438086;36.61889844
10.3;150;17;36.6843479;36.70296436
9.4;157;17;36.61889844;35.61431543
8.5;164;17;36.70296436;25.85349829
8.4;177;17;35.61431543;25.11498242
8.4;190;17;25.85349829;19.1034823
8.3;203;17;25.11498242;14.40876575
9.6;211;17;19.1034823;15.6703324
10.8;219;17;14.40876575;22.09733191
12.1;227;17;15.6703324;27.33328198
12.1;222;17;22.09733191;32.91084839
12.2;217;17;27.33328198;27.79406555
12.9;222;16;32.91084839;22.94038184
13.0;220;16;27.79406555;30.07843213
13.1;218;16;22.94038184;31.53174829
13.2;216;16;30.07843213;31.76914868
13.5;218;16;31.53174829;35.14836499
13.9;221;16;31.76914868;35.84063184
14.2;223;16;35.14836499;34.94154883
14.2;225;16;35.84063184;32.64049854
14.1;226;16;34.94154883;33.13294849
14.1;228;16;32.64049854;33.78304858
13.6;227;17;33.13294849;36.10263184
13.0;226;17;33.78304858;33.85616577
12.4;234;17;36.10263184;31.69054834
12.3;229;17;33.85616577;27.06598193
12.3;224;17;31.69054834;30.12223242
12.2;219;17;27.06598193;31.47241504
12.2;223;17;30.12223242;31.53748169
12.3;227;17;31.47241504;29.84476514
12.3;231;17;31.53748169;34.14939868
12.4;236;17;29.84476514;33.78808228
12.5;242;17;34.14939868;30.43344824
12.6;247;17;33.78808228;32.81048145
12.4;247;17;30.43344824;33.35199927
12.1;246;17;32.81048145;28.48311572
11.4;252;16;33.35199927;29.16734863
10.7;251;16;28.48311572;29.14878149
10.0;251;16;29.16734863;22.17228247
9.3;250;16;29.14878149;18.46054895
8.5;242;16;22.17228247;17.99273267
7.6;234;16;18.46054895;12.77006592
6.8;226;16;17.99273267;5.307133148
6.8;207;16;12.77006592;10.49423297
6.8;189;16;5.307133148;16.41954932
6.8;170;16;10.49423297;16.16388269
7.1;153;17;16.41954932;10.43556604
7.4;137;17;16.16388269;11.40179944
6.9;110;17;10.43556604;23.59329871
7.8;124;17;11.40179944;31.80813208
8.8;137;17;23.59329871;33.52919775
9.7;151;17;31.80813208;34.63156494
9.6;158;17;33.52919775;34.47564893
9.5;165;17;34.63156494;32.43461523
9.4;172;17;34.47564893;29.28599841
12.3;216;17;32.43461523;29.83741577
15.3;260;17;29.28599841;37.61241455
18.2;304;17;29.83741577;37.16346533
16.0;296;17;37.61241455;38.16953174
13.7;289;17;37.16346533;38.29951489
10.6;287;17;38.16953174;35.37806421
10.9;284;17;38.29951489;35.44651563
11.1;280;17;35.37806421;35.03223193
11.4;277;17;35.44651563;34.7200481
11.5;275;17;35.03223193;33.94259814
11.6;273;17;34.7200481;34.3341311
11.7;271;17;33.94259814;34.44246509
11.4;271;17;34.3341311;35.32983154
11.1;270;17;34.44246509;36.30646533
10.8;270;17;35.32983154;34.97944824
10.6;271;17;36.30646533;34.99973047
10.4;273;17;34.97944824;35.98354688
10.8;274;17;34.99973047;34.10941455
10.3;273;17;35.98354688;32.58326465
9.9;273;17;34.10941455;32.37036475
9.4;272;17;32.58326465;30.42251563
9.0;270;17;32.37036475;25.07439911
8.7;267;17;30.42251563;22.66343256
8.3;265;17;25.07439911;17.85451624
7.8;263;17;22.66343256;14.12494958
7.3;262;17;17.85451624;8.794416199
6.8;260;17;14.12494958;8.65466629
5.8;262;17;8.794416199;4.050083267
4.8;265;17;8.65466629;3.163399948
4.1;256;17;4.050083267;3.5590165860000003
3.4;253;17;3.163399948;3.968599823
2.6;249;17;3.5590165860000003;3.500233307
1.9;246;17;3.968599823;3.19606665
2.0;237;17;3.500233307;2.677
2.0;229;17;3.19606665;2.677
2.1;220;17;2.677;2.677
2.7;244;17;2.677;2.677
3.4;267;17;2.677;2.672849972
4.0;291;17;2.677;2.387083336
4.6;289;17;2.672849972;2.6798833159999997
5.1;288;17;2.387083336;4.619066376
5.4;282;17;2.6798833159999997;8.949366241
6.3;283;17;4.619066376;11.56691641
7.1;283;17;8.949366241;16.03679901
8.0;284;17;11.56691641;17.85896582
8.2;291;17;16.03679901;21.91118176
8.4;298;17;17.85896582;20.1368324
8.6;305;17;21.91118176;23.78033179
8.8;309;17;20.1368324;24.18844885
9.1;312;17;23.78033179;27.71343213
9.3;316;17;24.18844885;28.76196533
9.4;317;17;27.71343213;31.00498193
9.4;317;17;28.76196533;32.70878247
9.7;320;17;31.00498193;33.47391553
9.8;320;17;32.70878247;34.23301514
10.0;321;17;33.47391553;33.70693164
10.1;321;17;34.23301514;32.47474829
9.8;321;17;33.70693164;31.53061499
9.4;320;17;32.47474829;31.15426599
9.1;320;17;31.53061499;28.04081567
8.8;323;17;31.15426599;25.23863208
8.5;325;17;28.04081567;21.93104919
8.2;328;17;25.23863208;25.05654907
7.2;334;17;21.93104919;25.49343176
6.2;341;17;25.05654907;20.52866589
5.3;349;17;25.49343176;10.57741608
4.6;343;17;20.52866589;6.590149718999999
3.9;337;17;10.57741608;5.832532867
3.2;331;17;6.590149718999999;5.284383179
3.3;334;17;5.832532867;4.206999786
3.3;337;17;5.284383179;2.702516663
3.4;340;17;4.206999786;2.609333313
3.2;352;17;2.702516663;2.2
3.1;3;17;2.609333313;2.059300003
2.9;15;17;2.2;1.999
2.8;46;17;2.059300003;1.999
2.7;76;17;1.999;1.999
2.5;104;17;1.999;2.171899994
2.6;111;17;1.999;2.306666656
2.6;119;17;2.171899994;2.305
2.7;126;17;2.306666656;2.305
2.7;126;17;2.305;2.305
2.6;125;17;2.305;
2.6;125;17;2.305;
2.8;123;17;;
2.9;122;17;;
3.1;120;17;;1.775
3.4;116;17;;1.7644499359999999
3.6;113;17;1.775;1.931833313
3.9;111;17;1.7644499359999999;2.392566639
4.0;104;17;1.931833313;3.8184832760000003
4.1;96;17;2.392566639;4.023416504
4.2;89;17;3.8184832760000003;3.929066483
4.3;88;17;4.023416504;5.777466583
4.3;86;17;3.929066483;4.994683228
4.4;85;17;5.777466583;4.704249969
4.6;84;17;4.994683228;4.933549866
4.8;84;17;4.704249969;5.72869986
5.0;83;17;4.933549866;6.559966553
5.1;87;17;5.72869986;6.301699768
5.3;92;17;6.559966553;8.57703302
5.6;98;17;6.301699768;9.961116241000001
6.1;101;17;8.57703302;9.231115967000001
6.7;104;17;9.961116241000001;10.65909967
7.2;107;17;9.231115967000001;15.37244965
7.7;108;17;10.65909967;19.6153988
8.1;108;17;15.37244965;19.70414905
8.6;109;17;19.6153988;24.58691565
8.6;111;17;19.70414905;19.59278235
8.7;114;17;24.58691565;15.18763257
8.7;116;17;19.59278235;17.49508264
8.8;117;17;15.18763257;16.53069934
8.9;118;17;17.49508264;23.76638257
8.7;115;17;16.53069934;26.20749878
8.7;116;17;23.76638257;21.50361548
8.8;117;17;26.20749878;21.74581543
8.8;118;17;21.50361548;22.36984937
8.9;119;17;21.74581543;20.79829919
9.0;120;17;22.36984937;25.8598988
9.1;121;17;20.79829919;28.76339868
9.0;122;17;25.8598988;28.64054907
8.8;124;17;28.76339868;26.81316553
8.7;125;17;28.64054907;30.10411597
8.6;125;17;26.81316553;34.12896436
8.5;125;17;30.10411597;35.81021509
8.5;123;17;34.12896436;32.55296484
8.3;123;17;35.81021509;28.02454797
8.2;123;17;32.55296484;22.68528223
8.0;123;17;28.02454797;25.02809912
7.9;122;17;22.68528223;23.4845155
7.9;121;17;25.02809912;26.09479846
7.8;120;17;23.4845155;22.38241528
7.8;120;17;26.09479846;16.90806616
7.7;120;17;22.38241528;15.41729944
7.7;120;17;16.90806616;16.49024939
7.6;120;17;15.41729944;18.62056567
7.6;120;17;16.49024939;17.33639929
7.6;116;17;18.62056567;20.89703186
7.5;117;17;17.33639929;17.99938232
7.4;117;17;20.89703186;19.839632199999997
7.3;118;17;17.99938232;16.37829944
7.4;119;17;19.839632199999997;14.01244934
7.5;120;17;16.37829944;13.6012326
7.6;121;17;14.01244934;13.91508289
7.7;121;17;13.6012326;15.71771588
7.8;122;17;13.91508289;14.46101581
7.9;122;17;15.71771588;10.7591496
7.9;120;17;14.46101581;15.06953271
8.0;118;17;10.7591496;16.22831586
7.7;114;17;15.06953271;15.47918262
7.7;114;17;16.22831586;16.24081616
7.7;114;17;15.47918262;13.21399939
7.7;114;17;16.24081616;15.04724951
7.5;111;17;13.21399939;13.91824921
7.4;108;17;15.04724951;15.91578259
7.2;105;17;13.91824921;16.3895824
7.4;107;17;15.91578259;14.96683301
7.5;108;17;16.3895824;12.80774933
7.7;110;17;14.96683301;13.80101605
7.9;113;17;12.80774933;20.12259912
8.2;117;17;13.80101605;29.16121497
8.2;123;17;20.12259912;27.10848193
8.3;120;17;29.16121497;31.59709839
8.3;118;17;27.10848193;31.64366553
8.4;115;17;31.59709839;33.5697981
8.6;117;17;31.64366553;33.70321484
8.8;119;17;33.5697981;31.54368262
9.0;121;17;33.70321484;32.47844873
9.2;121;17;31.54368262;33.78431543
9.3;122;17;32.47844873;33.06148218
9.5;122;17;33.78431543;33.64643262
9.8;123;17;33.06148218;34.80678149
10.1;125;17;33.64643262;33.831481200000006
10.0;127;17;34.80678149;30.92011499
10.0;129;17;33.831481200000006;29.2387489
9.9;130;17;30.92011499;32.65601538
9.9;132;17;29.2387489;33.58478247
9.5;131;17;32.65601538;34.99683203
9.2;130;17;33.58478247;35.98861523
8.8;129;17;34.99683203;34.81799731
9.3;132;17;35.98861523;35.148331299999995
9.9;136;17;34.81799731;32.82353271
10.4;139;17;35.148331299999995;34.85034912
10.3;138;17;32.82353271;33.62363135
10.2;137;17;34.85034912;35.93929761
10.3;132;17;33.62363135;31.90311548
10.5;132;17;35.93929761;36.43196582
10.6;133;17;31.90311548;36.94581567
10.8;133;17;36.43196582;37.13616504
10.7;134;17;36.94581567;37.47388232
10.6;136;17;37.13616504;36.27683203
10.5;137;17;37.47388232;35.33141504
10.7;136;17;36.27683203;36.21926538
10.8;136;17;35.33141504;34.6460481
11.0;135;17;36.21926538;34.71646533
11.2;134;17;34.6460481;34.55158154
11.5;134;17;34.71646533;37.46221509
11.7;132;17;34.55158154;37.76231494
12.0;134;17;37.46221509;38.22876514
12.4;137;17;37.76231494;38.61578174
12.7;139;17;38.22876514;38.60633105
12.7;143;17;38.61578174;38.14501489
12.6;147;17;38.60633105;38.60986572
12.6;151;17;38.14501489;37.63184839
12.2;151;17;38.60986572;37.40564722
11.8;151;17;37.63184839;36.13388159
11.4;151;17;37.40564722;35.76466455
11.2;150;17;36.13388159;35.45729834
10.9;149;17;35.76466455;35.44063159
11.6;145;17;35.45729834;35.90316553
11.3;142;17;35.44063159;36.31133081
10.9;139;17;35.90316553;36.54976416
10.6;136;17;36.31133081;35.84446533
10.8;136;17;36.54976416;36.89454858
11.1;137;17;35.84446533;35.76924927
11.3;137;17;36.89454858;36.36658081
11.0;137;17;35.76924927;35.61653174
10.6;136;17;36.36658081;36.09064868
10.3;136;17;35.61653174;36.07294824
10.0;141;17;36.09064868;34.43593188
9.6;145;17;36.07294824;35.3477146
10.3;150;17;34.43593188;34.31786499
9.7;151;17;35.3477146;32.47241455
9.2;151;17;34.31786499;31.79496509
8.6;152;17;32.47241455;29.34439893
8.7;153;17;31.79496509;24.33591638
8.8;153;17;29.34439893;20.70856506
8.9;154;17;24.33591638;19.37659888
8.8;152;17;20.70856506;20.03439929
8.8;151;17;19.37659888;20.4850658
8.7;149;17;20.03439929;15.69389899
7.6;159;17;20.4850658;12.4698161
6.6;169;17;15.69389899;14.89979907
7.2;177;17;12.4698161;12.17963287
7.2;177;17;14.89979907;14.25779944
7.2;178;17;12.17963287;13.95176624
7.2;178;17;14.25779944;13.58483295
7.1;177;17;13.95176624;16.84318225
7.1;176;17;13.58483295;14.511099300000001
7.0;175;17;16.84318225;14.80744922
6.0;181;17;14.511099300000001;11.78893268
5.0;187;17;14.80744922;5.281949738
4.0;193;17;11.78893268;3.5589499819999997
3.5;226;17;5.281949738;3.2684333339999996
3.0;258;17;3.5589499819999997;3.237
2.0;284;17;3.2684333339999996;3.199483261
1.9;270;17;3.237;3.169066574
1.9;255;17;3.199483261;2.380883331
1.8;241;17;3.169066574;2.516116653
2.0;259;17;2.380883331;2.4853332519999998
2.1;278;17;2.516116653;2.3250665440000002
2.3;296;17;2.4853332519999998;1.9492666630000002
2.5;307;17;2.3250665440000002;1.7690000000000001
2.7;318;17;1.9492666630000002;1.7690000000000001
2.9;329;17;1.7690000000000001;1.7690000000000001
4.3;331;17;1.7690000000000001;1.7690000000000001
5.8;334;17;1.7690000000000001;2.118749947
5.7;337;17;1.7690000000000001;8.882182861
5.1;325;17;2.118749947;7.0489830929999995
4.5;314;17;8.882182861;6.868399628
3.9;302;17;7.0489830929999995;4.679183167
4.6;294;17;6.868399628;4.824433167
5.2;286;17;4.679183167;5.840349762000001
5.9;278;17;4.824433167;6.439216339
6.3;281;17;5.840349762000001;7.2779329829999995
6.7;284;17;6.439216339;16.31734973
7.1;287;17;7.2779329829999995;10.41709937
7.9;279;17;16.31734973;16.92694928
8.7;270;17;10.41709937;20.90299878
10.3;264;17;16.92694928;26.17628235
10.8;265;17;20.90299878;24.59459869
11.2;266;17;26.17628235;30.83976526
11.7;267;17;24.59459869;32.52943213
12.2;264;17;30.83976526;29.98379907
12.7;260;17;32.52943213;32.24914795
13.2;257;17;29.98379907;33.78919873
12.1;261;17;32.24914795;33.69299854
11.1;265;17;33.78919873;33.2535813
10.0;269;17;33.69299854;31.18609827
10.6;265;17;33.2535813;26.99198193
11.3;261;17;31.18609827;24.36048212
10.3;258;17;26.99198193;24.89881567
9.7;258;17;24.36048212;25.97429962
9.0;257;17;24.89881567;19.19124927
8.4;257;17;25.97429962;8.598532776
8.2;269;17;19.19124927;6.776699677000001
7.9;282;17;8.598532776;4.574916382
7.7;294;17;6.776699677000001;6.59434964
8.4;311;17;4.574916382;7.979749695
9.1;327;17;6.59434964;12.96213275
9.8;344;17;7.979749695;29.30889893
9.9;340;17;12.96213275;34.37463208
9.9;337;17;29.30889893;34.98376514
10.3;338;17;34.37463208;34.868331299999994
9.5;338;17;34.98376514;32.50831519
8.7;337;17;34.868331299999994;29.83648193
7.9;337;17;32.50831519;21.9960658
7.3;334;17;29.83648193;9.81744931
6.7;331;17;21.9960658;12.46608276
6.1;328;17;9.81744931;7.857599608999999
5.5;334;17;12.46608276;7.469983032000001
4.9;339;17;7.857599608999999;5.536783203
4.3;345;17;7.469983032000001;4.526866409
4.4;348;17;5.536783203;6.264316589
4.6;351;17;4.526866409;6.462366364
4.3;3;17;6.264316589;8.609049561
5.0;3;17;6.462366364;6.051133125
5.8;3;17;8.609049561;7.234666321000001
6.5;3;17;6.051133125;11.37344952
7.3;0;17;7.234666321000001;13.52034918
8.1;358;17;11.37344952;21.64349854
8.9;355;17;13.52034918;23.97184863
9.1;356;17;21.64349854;16.97238275
9.2;356;17;23.97184863;19.63964941
9.4;357;17;16.97238275;33.85724829
9.8;359;17;19.63964941;36.06941431
10.2;0;17;33.85724829;33.43298169
12.7;352;17;36.06941431;33.8737981
12.4;352;17;33.43298169;38.28551465
12.1;352;17;33.8737981;38.15719873
11.8;352;17;38.28551465;37.09984741
11.7;354;17;38.15719873;36.4405144
11.7;356;17;37.09984741;33.54549951
11.6;358;17;36.4405144;35.261097899999996
11.4;353;17;33.54549951;35.3984314
11.2;349;17;35.261097899999996;37.97103125
11.0;344;17;35.3984314;36.86026465
11.0;345;17;37.97103125;37.26806445
11.1;346;17;36.86026465;35.81241455
11.8;350;17;37.26806445;36.85813086
11.6;350;17;35.81241455;37.78794775
11.5;349;17;36.85813086;36.76571533
11.3;349;17;37.78794775;37.04584814
11.1;347;17;36.76571533;35.26923169
10.8;344;17;37.04584814;35.13388184
10.6;342;17;35.26923169;33.99139819
10.3;342;17;35.13388184;33.96664893
9.9;342;17;33.99139819;30.52128247
9.6;342;17;33.96664893;28.69206592
9.1;338;17;30.52128247;30.20089893
8.6;335;17;28.69206592;24.57404883
8.1;332;17;30.20089893;10.66826617
7.5;330;17;24.57404883;15.62891577
6.8;328;17;10.66826617;11.04099957
6.2;326;17;15.62891577;13.20249945
6.0;321;17;11.04099957;16.47013245
5.8;316;17;13.20249945;14.17746588
5.6;311;17;16.47013245;5.800983062999999
5.5;307;17;14.17746588;6.825616211
5.4;303;17;5.800983062999999;4.009833176
5.3;299;17;6.825616211;2.364816635
4.0;288;17;4.009833176;3.1692665410000003
2.6;278;17;2.364816635;3.595083191
3.0;297;17;3.1692665410000003;3.00653334
2.4;341;17;3.595083191;2.611
1.8;26;17;3.00653334;2.611
1.2;70;17;2.611;2.569
2.3;100;17;2.611;2.497049988
3.4;131;17;2.569;1.814033325
4.5;161;17;2.497049988;2.504483261
4.7;167;17;1.814033325;4.548616455
4.9;172;17;2.504483261;7.520316345
5.1;178;17;4.548616455;7.7794331670000005
5.4;177;17;7.520316345;6.064116394
5.6;176;17;7.7794331670000005;6.227233153999999
3.7;216;17;6.064116394;3.269366531
4.8;239;17;6.227233153999999;6.568749603
6.0;263;17;3.269366531;9.462016357000001
7.1;286;17;6.568749603;10.307383
7.0;290;17;9.462016357000001;8.268316315
6.9;293;17;10.307383;10.80754938
6.8;297;17;8.268316315;15.10861597
5.9;299;17;10.80754938;7.215499756
5.1;302;17;15.10861597;4.16741655
4.2;304;17;7.215499756;2.7142332760000003
3.4;1;17;4.16741655;2.369900002
2.6;58;17;2.7142332760000003;2.166
2.0;314;17;2.369900002;2.166
1.5;1;17;2.166;2.166
1.1;47;17;2.166;2.166
0.6;94;17;2.166;2.166
1.3;110;17;2.166;2.166
1.9;127;17;2.166;1.928849998
2.6;143;17;2.166;2.0162666469999997
3.1;167;17;1.928849998;2.31471666
3.5;192;17;2.0162666469999997;2.432183319
4.0;216;17;2.31471666;2.2429332730000002
4.4;218;17;2.432183319;2.132866608
4.9;219;17;2.2429332730000002;1.8569333190000001
7.5;203;17;2.132866608;3.669783127
7.2;208;17;1.8569333190000001;8.163382996000001
6.9;212;17;3.669783127;9.229282898
6.6;217;17;8.163382996000001;6.251116379
6.2;196;17;9.229282898;10.24634924
5.7;176;17;6.251116379;11.40673291
5.3;155;17;10.24634924;9.835032959
5.6;159;17;11.40673291;7.96146637
5.8;163;17;9.835032959;6.340049866
6.1;167;17;7.96146637;6.0637828979999995
6.0;166;17;6.340049866;5.009433075
5.9;165;17;6.0637828979999995;6.761666228999999
5.5;161;17;5.009433075;8.552516296
5.1;169;17;6.761666228999999;7.777033081
4.6;177;17;8.552516296;5.615349884
4.2;185;17;7.777033081;4.509899811
6.8;234;17;5.615349884;3.894466553
9.4;283;17;4.509899811;3.361833237
12.0;332;17;3.894466553;32.80681519
11.8;335;17;3.361833237;36.0783645
11.5;338;17;32.80681519;36.47306396
11.3;341;17;36.0783645;36.70118066
10.8;338;17;36.47306396;36.46556543
10.4;334;17;36.70118066;34.02644849
9.9;331;17;36.46556543;30.81163159
9.8;327;17;34.02644849;31.36879834
9.6;323;17;30.81163159;25.777865600000002
9.5;319;17;31.36879834;27.65506567
9.0;316;17;25.777865600000002;24.42473181
8.6;312;17;27.65506567;21.11164941
8.2;312;17;24.42473181;17.85753247
7.9;308;17;21.11164941;19.29323242
7.6;303;17;17.85753247;15.19423254
7.3;299;17;19.29323242;11.32763275
7.0;286;17;15.19423254;12.84679956
6.8;273;17;11.32763275;8.390916229
7.4;257;17;12.84679956;11.08834949
8.4;254;17;8.390916229;13.44703284
9.5;252;17;11.08834949;17.16819946
10.5;249;17;13.44703284;17.60646594
11.0;247;17;17.16819946;25.70451563
11.4;245;17;17.60646594;27.42123242
11.9;243;17;25.70451563;30.03519897
12.2;242;17;27.42123242;32.82326563
12.4;242;17;30.03519897;34.37879785
12.7;241;17;32.82326563;35.08124854
12.6;242;17;34.37879785;35.149964600000004
12.6;244;17;35.08124854;35.29201563
12.5;245;17;35.149964600000004;35.08309888
13.0;242;17;35.29201563;35.25798193
13.4;238;17;35.08309888;34.98644897
13.9;235;17;35.25798193;35.30986475
14.2;234;17;34.98644897;36.37564795
14.5;232;17;35.30986475;37.38714819
15.0;230;17;36.37564795;38.47641602
14.8;227;17;37.38714819;38.54016553
14.6;225;17;38.47641602;37.61199902
14.4;222;17;38.54016553;35.84146509
13.3;228;17;37.61199902;36.26616479
12.1;234;17;35.84146509;37.09041504
12.5;240;17;36.26616479;36.24473242
11.7;240;17;37.09041504;33.95391479
10.9;240;17;36.24473242;31.30636475
10.1;240;17;33.95391479;22.23748169
9.8;240;17;31.30636475;24.90759912
9.4;239;17;22.23748169;28.62968213
9.1;239;17;24.90759912;25.26278247
8.8;239;17;28.62968213;20.89738306
8.4;238;17;25.26278247;14.64738232
8.1;238;17;20.89738306;12.62116608
8.2;233;17;14.64738232;9.551899536
8.4;229;17;12.62116608;10.17426605
8.5;224;17;9.551899536;8.645399628
8.7;224;17;10.17426605;7.709066406
9.0;225;17;8.645399628;5.871899796
9.2;225;17;7.709066406;18.30796558
8.8;218;17;5.871899796;14.01601605
8.4;212;17;18.30796558;14.88993286
7.5;203;17;14.01601605;17.5649491
7.0;200;17;14.88993286;16.50983228
6.6;198;17;17.5649491;13.93923248
6.1;195;17;16.50983228;10.88653284
6.1;213;17;13.93923248;7.9323996889999995
6.0;230;17;10.88653284;8.628549774
6.3;227;17;7.9323996889999995;7.829649857000001
6.3;224;17;8.628549774;6.9514665220000005
6.4;222;17;7.829649857000001;5.666116531
6.4;219;17;6.9514665220000005;6.92276651
6.5;216;17;5.666116531;6.568366486
6.7;214;17;6.92276651;6.6830163879999995
6.8;211;17;6.568366486;7.151499908
6.5;209;17;6.6830163879999995;6.993249695
6.1;207;17;7.151499908;5.556566574
5.8;205;17;6.993249695;4.996183304
5.5;203;17;5.556566574;4.545
5.3;201;17;4.996183304;4.434
5.0;199;17;4.545;4.434
4.7;204;17;4.434;4.252100006
4.4;209;17;4.434;4.113
4.1;214;17;4.252100006;4.113
3.6;231;17;4.113;4.113
3.0;249;17;4.113;4.113
2.1;287;17;4.113;4.133
2.6;297;17;4.113;4.213
3.1;308;17;4.133;4.151399994
3.6;318;17;4.213;4.123316666
4.4;321;17;4.151399994;4.118316666
5.1;324;17;4.123316666;4.096933319
5.1;340;17;4.118316666;9.12859967
5.6;335;17;4.096933319;14.94549976
6.0;331;17;9.12859967;14.04594946
6.5;326;17;14.94549976;12.98718265
6.1;318;17;14.04594946;12.64329956
5.7;311;17;12.98718265;10.70203302
5.3;303;17;12.64329956;8.990949707
7.2;312;17;10.70203302;9.888249573
9.2;320;17;8.990949707;15.41743286
11.1;329;17;9.888249573;
10.3;320;17;15.41743286;
9.5;312;17;;
8.7;303;17;;
8.7;294;17;;
8.8;286;17;;
8.8;277;15;;20.83398291
9.4;275;15;;25.70343262
10.1;273;15;20.83398291;28.26399902
9.2;273;15;25.70343262;30.08543237
9.3;271;15;28.26399902;31.48451501
9.4;270;17;30.08543237;32.46263159
9.5;268;17;31.48451501;28.41923242
9.1;265;17;32.46263159;23.36121582
8.7;263;17;28.41923242;22.54376605
8.5;267;17;23.36121582;17.50481555
7.8;261;17;22.54376605;10.88661609
7.2;256;17;17.50481555;6.961366347999999
6.5;250;17;10.88661609;3.883016434
6.5;233;17;6.961366347999999;4.229683228
6.4;216;17;3.883016434;8.107016235
6.4;199;17;4.229683228;7.259882996
6.6;185;17;8.107016235;7.618566345
6.8;170;17;7.259882996;8.831982971
7.0;156;17;7.618566345;9.719999634
7.2;156;17;8.831982971;10.13129938
7.3;157;17;9.719999634;15.39301611
7.5;157;17;10.13129938;19.75756604
8.1;154;17;15.39301611;23.49559875
8.7;151;17;19.75756604;31.62116553
9.3;148;16;23.49559875;32.03439893
9.6;147;16;31.62116553;30.52064868
9.8;145;16;32.03439893;32.78491528
9.9;147;16;30.52064868;32.23903247
9.5;147;16;32.78491528;27.04353223
9.1;148;17;32.23903247;22.28421582
8.7;148;17;27.04353223;19.55673254
8.7;148;17;22.28421582;16.32061584
8.6;147;17;19.55673254;16.29249927
9.2;147;17;16.32061584;23.90636597
8.7;151;17;16.29249927;27.81298242
8.1;154;17;23.90636597;28.86026514
7.6;158;17;27.81298242;28.10254883
7.9;155;17;28.86026514;20.02539941
8.3;152;17;28.10254883;19.78314832
8.6;149;17;20.02539941;19.05204907
7.9;154;17;19.78314832;12.38563293
7.3;158;17;19.05204907;10.34998273
6.6;163;17;12.38563293;8.072449585
6.4;168;17;10.34998273;4.8519664
6.3;172;17;8.072449585;3.370649933
6.1;177;17;4.8519664;4.234499817
5.9;198;17;3.370649933;5.282416382
5.7;218;17;4.234499817;7.771749634
5.5;239;17;5.282416382;6.383249725
6.1;233;17;7.771749634;9.060732848999999
6.7;228;17;6.383249725;15.42541589
7.4;223;17;9.060732848999999;15.654632999999999
7.7;216;17;15.42541589;14.34084961
7.9;210;17;15.654632999999999;6.4940163570000005
8.2;203;17;14.34084961;14.9241828
8.2;191;17;6.4940163570000005;23.360632199999998
8.1;179;17;14.9241828;21.26924878
8.2;168;17;23.360632199999998;18.17431592
8.9;162;17;21.26924878;18.75294885
9.7;156;17;18.17431592;22.35439868
10.4;150;17;18.75294885;30.37483203
10.5;150;17;22.35439868;31.15739868
10.7;149;17;30.37483203;31.19979858
10.8;149;17;31.15739868;29.12871582
11.0;150;17;31.19979858;33.93264917
11.3;150;17;29.12871582;36.46846484
11.5;151;17;33.93264917;35.86914844
11.6;149;17;36.46846484;35.27313208
11.8;146;17;35.86914844;35.32648193
11.9;144;17;35.27313208;36.69793237
13.5;164;17;35.32648193;36.07174805
15.0;184;17;36.69793237;35.81694727
16.6;204;17;36.07174805;36.09501465
15.3;212;17;35.81694727;35.66289771
13.9;220;17;36.09501465;29.87234863
11.9;228;17;35.66289771;25.784865600000003
12.4;225;17;29.87234863;24.63329907
13.0;222;17;25.784865600000003;22.45578271
13.5;219;17;24.63329907;30.91728198
12.3;219;17;22.45578271;23.98856555
11.2;220;17;30.91728198;26.33024927
9.8;213;17;23.98856555;25.52008228
9.9;229;17;26.33024927;22.41793201
10.1;245;17;25.52008228;29.76476538
10.2;261;17;22.41793201;32.69768201
10.7;254;17;29.76476538;26.81516541
11.3;248;17;32.69768201;27.08966577
11.8;241;17;26.81516541;25.56831592
11.8;236;17;27.08966577;26.29543164
11.9;231;17;25.56831592;31.20574854
11.9;226;17;26.29543164;28.41809888
11.6;224;17;31.20574854;22.97984888
11.3;223;17;28.41809888;23.20329919
11.0;221;17;22.97984888;23.57358191
11.1;220;17;23.20329919;24.765965700000002
11.1;220;17;23.57358191;24.85004871
11.2;219;17;24.765965700000002;25.10758215
11.8;216;17;24.85004871;25.24731555
12.5;213;17;25.10758215;25.00613257
11.2;214;17;25.24731555;30.79884814
11.7;212;17;25.00613257;32.19949878
12.2;211;17;30.79884814;30.76126538
12.7;209;17;32.19949878;30.28838232
13.2;206;17;30.76126538;34.08571509
13.7;203;17;30.28838232;34.28206494
13.2;210;17;34.08571509;33.21776465
13.6;208;17;34.28206494;33.06441528
14.0;205;17;33.21776465;32.78746509
14.4;203;17;33.06441528;32.9608811
14.0;198;17;32.78746509;36.06781543
13.7;194;17;32.9608811;34.73526587
13.3;189;17;36.06781543;31.5534989
13.3;187;17;34.73526587;32.00001514
13.2;184;17;31.5534989;32.69878174
13.2;182;17;32.00001514;33.42686523
13.1;187;17;32.69878174;33.80983154
13.0;192;17;33.42686523;34.51849805
12.6;194;17;33.80983154;33.94331445
11.8;190;17;34.51849805;34.79481543
11.1;187;17;33.94331445;32.98346533
10.3;183;17;34.79481543;28.26099829
10.1;184;17;32.98346533;28.37568188
9.8;185;17;28.26099829;29.77814819
9.6;186;17;28.37568188;26.99196606
8.7;189;17;29.77814819;29.82771582
7.8;192;17;26.99196606;30.22751538
6.9;195;17;29.82771582;31.84374872
6.5;193;17;30.22751538;32.7985647
6.1;190;17;31.84374872;29.06806543
8.1;171;17;32.7985647;21.04566565
7.8;162;17;29.06806543;14.48753284
7.6;154;17;21.04566565;9.800399475
7.3;145;17;14.48753284;10.55741614
7.0;144;17;9.800399475;8.715699646000001
6.6;143;17;10.55741614;5.227116516000001
6.3;142;17;8.715699646000001;4.3294331360000005
5.7;144;17;5.227116516000001;4.202049835
5.0;147;17;4.3294331360000005;3.7202332
4.4;149;17;4.202049835;6.524833191
3.5;142;17;3.7202332;9.418782898
2.7;134;17;6.524833191;11.326966
7.0;133;17;9.418782898;13.864666199999998
6.5;113;17;11.326966;9.260566101
5.9;93;17;13.864666199999998;5.796532958999999
5.4;73;17;9.260566101;3.9365831910000004
5.2;57;17;5.796532958999999;6.43364975
5.1;41;17;3.9365831910000004;5.862232971
4.9;25;17;6.43364975;4.656349854
5.4;14;17;5.862232971;8.607149475
6.0;2;17;4.656349854;6.488999664
6.5;351;17;8.607149475;9.535899597
7.7;350;17;6.488999664;20.94298193
8.8;349;17;9.535899597;35.64289819
9.7;351;17;20.94298193;36.62743286
9.5;344;17;35.64289819;34.93616528
9.4;338;17;36.62743286;33.61291528
9.2;331;17;34.93616528;26.45899902
9.6;329;17;33.61291528;30.92621509
10.0;328;17;26.45899902;32.44794849
10.4;326;17;30.92621509;32.40174902
10.6;322;17;32.44794849;35.68031494
10.7;319;17;32.40174902;34.98358179
10.9;315;17;35.68031494;30.22521509
10.7;315;17;34.98358179;32.41714844
10.6;316;17;30.22521509;30.54596582
10.5;310;17;32.41714844;32.26041577
10.7;309;17;30.54596582;34.32026611
11.0;309;17;32.26041577;34.45913086
11.2;308;17;34.32026611;34.04209839
11.1;306;17;34.45913086;31.74566528
10.9;303;17;34.04209839;31.09203198
10.8;301;17;31.74566528;31.80001514
10.4;300;17;31.09203198;31.1419646
9.9;299;17;31.80001514;29.90984863
9.5;298;17;31.1419646;34.12408179
9.0;296;17;29.90984863;33.80413135
8.4;293;17;34.12408179;31.06379883
8.4;285;17;33.80413135;28.0800321
7.8;283;17;31.06379883;29.42101514
7.3;280;17;28.0800321;24.89983215
6.7;278;17;29.42101514;21.11864917
6.3;275;17;24.89983215;18.71328253
6.0;272;17;21.11864917;13.49634924
5.6;269;17;18.71328253;8.32653299
5.2;257;17;13.49634924;6.646716446
4.7;244;17;8.32653299;4.091999847
4.3;232;17;6.646716446;6.965332947
4.6;214;17;4.091999847;10.40226611
4.9;195;17;6.965332947;8.110182738999999
5.5;166;17;10.40226611;5.681933075
5.8;160;17;8.110182738999999;6.4194997560000004
6.1;155;16;5.681933075;7.976333007999999
6.4;149;16;6.4194997560000004;10.16803311
6.5;147;16;7.976333007999999;11.92466589
6.7;146;16;10.16803311;13.31536627
6.8;144;17;11.92466589;12.86821606
6.7;141;16;13.31536627;15.96291614
6.5;139;16;12.86821606;10.83213275
6.4;136;17;15.96291614;8.648049499999999
5.4;155;17;10.83213275;6.6558164060000005
4.4;174;17;8.648049499999999;5.038416473
5.2;198;17;6.6558164060000005;4.896199921
5.2;190;17;5.038416473;5.216149811
5.1;181;17;4.896199921;5.447649902
5.1;173;17;5.216149811;5.695066467
5.4;175;17;5.447649902;6.342733093
5.8;177;17;5.695066467;7.24866626
6.1;179;17;6.342733093;6.5956661070000004
6.9;184;17;7.24866626;8.307566223
7.8;188;17;6.5956661070000004;10.35266602
8.6;193;17;8.307566223;15.20456555
9.9;214;17;10.35266602;20.53644885
11.3;235;17;15.20456555;15.17628247
12.6;248;17;20.53644885;28.96576563
12.4;252;17;15.17628247;34.48074878
12.3;255;17;28.96576563;33.54328125
12.1;259;17;34.48074878;33.546864500000005
11.8;263;17;33.54328125;31.88881555
11.5;268;17;33.546864500000005;33.07803125
11.2;272;17;31.88881555;34.22136426
10.8;274;17;33.07803125;34.27789893
10.4;277;17;34.22136426;35.99843164
10.0;279;17;34.27789893;35.564564700000005
10.6;285;17;35.99843164;35.89633179
11.3;291;17;35.564564700000005;36.68268115
10.6;294;17;35.89633179;36.78149756
10.4;296;17;36.68268115;36.67956567
10.2;298;17;36.78149756;36.84913135
10.0;300;17;36.67956567;30.35576563
9.0;296;17;36.84913135;33.55961523
8.1;292;17;30.35576563;19.52768262
7.1;288;17;33.55961523;17.03564917
6.3;286;17;19.52768262;11.4332663
5.4;284;17;17.03564917;9.470799683
4.6;282;17;11.4332663;5.047349823
4.1;265;17;9.470799683;3.6615665280000003
3.6;248;17;5.047349823;3.03958316
4.8;193;17;3.6615665280000003;2.8569999999999998
5.5;178;17;3.03958316;3.57244989
6.2;162;16;2.8569999999999998;5.055766418
6.9;147;16;3.57244989;12.89486621
7.4;138;16;5.055766418;15.46714923
8.0;129;16;12.89486621;15.78278259
8.5;120;17;15.46714923;23.2643324
9.0;124;17;15.78278259;25.85544897
9.4;129;17;23.2643324;32.94929822
9.9;133;17;25.85544897;35.92251465
9.6;144;17;32.94929822;35.71926514
9.2;156;17;35.92251465;36.41506445
8.9;162;17;35.71926514;32.73268188
8.5;164;17;36.41506445;23.74798181
8.0;167;17;32.73268188;19.52646606
7.6;169;17;23.74798181;11.79943262
8.2;196;17;19.52646606;12.25668292
8.8;222;17;11.79943262;24.37514954
9.4;249;17;12.25668292;25.80198242
9.3;247;17;24.37514954;27.11376563
9.1;244;17;25.80198242;23.1981156
9.0;242;17;27.11376563;27.78579883
9.4;235;17;23.1981156;25.63199878
9.7;228;17;27.78579883;22.94116565
10.1;225;17;25.63199878;23.14603198
10.6;220;17;22.94116565;12.7846496
11.0;214;17;23.14603198;18.41653247
11.5;209;17;12.7846496;27.67788208
11.4;210;17;18.41653247;24.29181567
11.2;211;17;27.67788208;27.42698254
11.1;212;17;24.29181567;29.59589941
11.2;208;17;27.42698254;28.57261523
11.4;204;17;29.59589941;22.67531555
11.5;200;17;28.57261523;25.63291528
12.4;202;17;22.67531555;35.62449902
13.3;204;17;25.63291528;34.34768164
12.7;230;17;35.62449902;33.55483154
12.7;224;17;34.34768164;28.19339868
12.6;218;17;33.55483154;26.07614893
12.6;212;17;28.19339868;34.5089314
11.9;207;17;26.07614893;33.20991504
11.1;202;17;34.5089314;30.94893213
10.4;197;17;33.20991504;29.05971509
9.9;183;17;30.94893213;24.32926526
9.5;169;17;29.05971509;22.33743201
9.0;155;17;24.32926526;17.73471582
8.6;151;17;22.33743201;14.61259949
8.2;148;17;17.73471582;16.76348212
7.5;154;17;14.61259949;18.45854895
6.9;149;17;16.76348212;15.33499902
6.2;144;17;18.45854895;11.6086828
5.6;139;17;15.33499902;7.342899719
5.1;131;17;11.6086828;4.793266449
4.6;122;17;7.342899719;4.084566589
4.1;114;17;4.793266449;4.060866608
4.3;111;17;4.084566589;3.4345665889999997
4.5;109;17;4.060866608;2.677866608
4.7;106;17;3.4345665889999997;2.8701499630000002
4.4;112;17;2.677866608;3.760249908
4.1;118;17;2.8701499630000002;4.371949829
3.7;108;17;3.760249908;3.772116608
3.6;119;17;4.371949829;3.686566498
3.6;130;17;3.772116608;3.957083252
3.5;141;17;3.686566498;3.6617666630000003
3.8;145;17;3.957083252;3.279833282
4.2;150;17;3.6617666630000003;3.249183258
4.5;154;17;3.279833282;3.6652164610000004
4.6;151;17;3.249183258;5.440783112
4.7;147;17;3.6652164610000004;4.729199799
4.8;144;17;5.440783112;4.964566406
4.6;141;17;4.729199799;5.168283112
4.3;139;17;4.964566406;5.227566345
4.6;142;17;5.168283112;4.5556165769999994
4.6;140;17;5.227566345;3.803533295
4.7;138;17;4.5556165769999994;3.4276666110000003
4.7;136;17;3.803533295;2.892649963
4.3;131;17;3.4276666110000003;2.71
4.0;126;17;2.892649963;2.7638666689999996
3.6;121;17;2.71;2.88006662
3.4;125;17;2.7638666689999996;3.273799988
3.2;128;17;2.88006662;3.152666656
3.0;132;17;3.273799988;2.883733322
3.1;137;17;3.152666656;2.533
3.1;141;17;2.883733322;2.533
3.9;146;17;2.533;2.533
4.0;147;17;2.533;2.533
4.2;148;17;2.533;2.533
4.3;149;17;2.533;2.533
4.4;148;17;2.533;2.533
4.6;146;17;2.533;2.533
4.7;145;17;2.533;2.467448273
4.6;144;17;2.533;2.15086203
4.5;144;17;2.467448273;2.278083313
4.4;143;17;2.15086203;2.028516655
4.7;143;17;2.278083313;2.261896439
5.0;144;17;2.028516655;3.220199829
5.7;148;17;2.261896439;5.531633117999999
5.7;146;17;3.220199829;5.6168164670000005
5.7;145;17;5.531633117999999;5.290666534
5.7;143;17;5.6168164670000005;4.073183258
5.6;141;17;5.290666534;3.373099945
5.4;140;17;4.073183258;2.9919166560000003
5.3;138;17;3.373099945;2.627833298
5.1;139;17;2.9919166560000003;2.772666595
5.0;139;17;2.627833298;4.41883316
4.8;140;17;2.772666595;5.041833191
4.5;137;17;4.41883316;4.258899887
4.2;133;17;5.041833191;3.834549988
4.4;144;17;4.258899887;3.0987832789999996
4.4;143;17;3.834549988;2.537866653
4.5;143;17;3.0987832789999996;2.418666656
4.5;142;17;2.537866653;2.457
4.4;143;17;2.418666656;2.306799995
4.3;143;17;2.457;2.347250008
4.2;144;17;2.306799995;2.383399994
4.3;144;17;2.347250008;2.417933258
4.4;143;17;2.383399994;2.1461999659999997
4.5;143;17;2.417933258;2.210516571
4.9;144;17;2.1461999659999997;2.8921499330000002
5.2;145;17;2.210516571;4.9992831419999995
6.3;146;17;2.8921499330000002;6.122299896
6.6;147;17;4.9992831419999995;6.967966248
6.8;148;17;6.122299896;8.846266296
7.1;149;17;6.967966248;12.73498267
7.1;148;17;8.846266296;14.02084955
7.2;148;17;12.73498267;14.29771588
7.2;147;17;14.02084955;15.14049927
7.3;146;17;14.29771588;16.91654919
7.3;145;17;15.14049927;15.56469922
7.4;144;17;16.91654919;16.60959961
7.4;142;17;15.56469922;16.66808252
7.5;140;17;16.60959961;18.8616156
7.8;139;17;16.66808252;24.5123158
7.7;138;17;18.8616156;22.04166553
7.7;138;17;24.5123158;20.66849927
7.6;137;17;22.04166553;21.904498899999997
7.6;134;17;20.66849927;23.19903247
7.6;131;17;21.904498899999997;21.18166553
7.6;128;17;23.19903247;19.4936991
7.5;127;17;21.18166553;16.45428259
7.5;125;17;19.4936991;16.50896594
7.4;124;17;16.45428259;16.66654913
7.8;121;17;16.50896594;20.62321545
8.3;117;17;16.66654913;23.63693176
8.6;113;17;20.62321545;13.99884973
9.2;114;17;23.63693176;24.35836523
9.7;114;17;13.99884973;34.90724829
10.3;115;17;24.35836523;34.22014819
10.6;118;17;34.90724829;36.89241602
10.9;120;17;34.22014819;37.78618213
11.2;123;17;36.89241602;37.45119922
12.2;122;17;37.78618213;37.076448
13.3;122;17;37.45119922;37.68866479
14.3;121;17;37.076448;36.12908105
14.5;123;17;37.68866479;34.98216553
14.7;125;17;36.12908105;34.19888232
14.3;128;17;34.98216553;29.97868213
13.8;128;17;34.19888232;34.86714795
13.3;129;17;29.97868213;35.99878223
12.8;129;17;34.86714795;36.98016553
13.2;128;17;35.99878223;36.41273218
13.6;127;17;36.98016553;36.82069849
14.0;126;17;36.41273218;36.40528198
13.7;126;17;36.82069849;33.73886572
13.5;125;17;36.40528198;34.48866528
13.2;125;17;33.73886572;34.90603223
13.2;124;17;34.48866528;35.50133154
13.1;124;17;34.90603223;34.33828223
13.3;125;17;35.50133154;36.64468164
12.9;125;17;34.33828223;37.32013232
12.6;126;17;36.64468164;37.70001563
12.2;126;17;37.32013232;35.30403259
11.8;126;17;37.70001563;32.15903223
11.5;126;17;35.30403259;31.45829907
11.1;126;17;32.15903223;29.55851636
10.8;128;17;31.45829907;30.51676538
10.4;130;17;29.55851636;29.34381567
10.1;132;17;30.51676538;28.26968237
9.6;130;17;29.34381567;32.97794836
9.0;129;17;28.26968237;30.00363184
9.4;130;17;32.97794836;25.57329919
9.2;128;17;30.00363184;25.93466553
9.0;126;17;25.57329919;35.66719775
8.8;124;17;25.93466553;36.84486499
9.6;163;17;35.66719775;35.48589746
10.5;202;17;36.84486499;37.17173047
11.3;241;17;35.48589746;37.48923047
10.8;232;17;37.17173047;30.89409888
10.2;222;17;37.48923047;30.03116577
9.7;213;17;30.89409888;34.83923267
9.5;192;17;30.03116577;29.98741553
9.3;170;17;34.83923267;30.29999902
9.6;154;17;29.98741553;33.57149854
9.7;154;17;30.29999902;30.52304834
9.8;153;17;33.57149854;30.82149854
9.9;153;17;30.52304834;34.1347146
10.1;153;17;30.82149854;34.97166553
10.4;152;17;34.1347146;36.02773096
10.6;152;17;34.97166553;35.84853174
10.9;152;17;36.02773096;35.11124805
11.3;153;17;35.84853174;37.00859741
11.6;153;17;35.11124805;37.68823242
12.0;153;17;37.00859741;37.54721582
12.5;153;17;37.68823242;36.87196436
13.6;170;17;37.54721582;36.92803247
13.3;175;17;36.87196436;37.19609839
13.0;181;17;36.92803247;36.93024829
12.7;186;17;37.19609839;36.96979785
12.0;179;17;36.93024829;38.46196533
11.2;171;17;36.96979785;38.45189746
10.5;164;17;38.46196533;38.14863184
10.1;164;17;38.45189746;31.03099902
9.6;163;17;38.14863184;31.023049800000003
9.2;163;17;31.03099902;32.31459839
9.1;160;17;31.023049800000003;28.36674951
9.0;156;17;32.31459839;21.15781567
7.4;161;17;28.36674951;16.67954932
7.3;156;17;21.15781567;15.69908258
7.2;151;17;16.67954932;15.297932500000002
7.1;146;17;15.69908258;14.16348279
7.0;144;17;15.297932500000002;11.81183289
6.9;141;17;14.16348279;14.15724939
6.8;139;17;11.81183289;16.58528259
6.9;138;17;14.15724939;14.78723254
6.9;137;17;16.58528259;19.2702323
7.0;136;17;14.78723254;14.46559949
6.9;134;17;19.2702323;14.68364923
6.9;131;17;14.46559949;12.16051624
7.6;133;17;14.68364923;12.85086621
7.5;131;17;12.16051624;17.27144934
7.4;130;17;12.85086621;13.56816602
7.3;128;17;17.27144934;12.54448273
6.9;123;17;13.56816602;14.38646594
6.5;119;17;12.54448273;11.32844946
6.1;114;17;14.38646594;10.0557663
5.9;112;17;11.32844946;10.7858161
5.8;111;17;10.0557663;8.764916321
5.6;109;17;10.7858161;10.00373279
5.4;110;17;8.764916321;9.983449707
5.1;112;17;10.00373279;8.27019986
4.4;104;17;9.983449707;6.997282959
4.1;101;17;8.27019986;5.6879833070000005
3.9;97;17;6.997282959;4.652299881
3.6;94;17;5.6879833070000005;3.21709996
3.4;97;17;4.652299881;2.7833333280000003
3.2;100;17;3.21709996;2.644466644
3.0;103;17;2.7833333280000003;2.444116661
2.8;112;17;2.644466644;2.373
2.7;120;17;2.444116661;2.373
2.5;129;17;2.373;2.373
2.6;134;17;2.373;2.373
2.6;140;17;2.373;2.373
2.7;145;17;2.373;2.445383331
3.2;149;17;2.373;2.633083313
3.7;154;17;2.445383331;3.71863324
4.2;158;17;2.633083313;4.283616577
4.2;160;17;3.71863324;4.2898998719999994
4.3;163;17;4.283616577;6.251483062999999
4.3;165;17;4.2898998719999994;7.593883118
4.7;166;17;6.251483062999999;7.599816345
5.1;168;17;7.593883118;8.294532959
5.5;169;17;7.599816345;7.504516357000001
5.9;168;17;8.294532959;6.843766296
6.4;166;17;7.504516357000001;7.532166321
6.7;173;17;6.843766296;9.084249451
6.4;169;17;7.532166321;10.35213293
6.2;164;17;9.084249451;7.9981831670000005
5.9;160;17;10.35213293;9.150566101
5.8;159;17;7.9981831670000005;7.086616241000001
5.6;157;17;9.150566101;6.950583099
5.5;156;17;7.086616241000001;5.7367830810000005
5.3;157;17;6.950583099;5.261166351
5.0;158;17;5.7367830810000005;4.308666504
4.8;159;17;5.261166351;3.9084999239999996
4.4;154;17;4.308666504;3.423299957
3.9;149;17;3.9084999239999996;3.002183289
3.6;145;17;3.423299957;2.473700001
3.4;146;17;3.002183289;2.46
3.2;146;17;2.473700001;1.912933334
3.0;147;17;2.46;1.8769999999999998
2.8;144;17;1.912933334;2.055433319
2.5;141;17;1.8769999999999998;2.078983299
2.3;138;17;2.055433319;1.9569999999999999
2.3;127;17;2.078983299;1.9569999999999999
2.4;116;17;1.9569999999999999;1.9569999999999999
2.4;105;17;1.9569999999999999;1.9569999999999999
2.3;104;17;1.9569999999999999;1.9569999999999999
2.3;104;17;1.9569999999999999;1.9569999999999999
1.6;123;17;1.9569999999999999;2.130333313
2.0;124;17;1.9569999999999999;3.697666504
2.3;126;17;2.130333313;5.431399765
2.7;127;17;3.697666504;5.203583145
2.6;126;17;5.431399765;3.448716614
2.4;126;17;5.203583145;3.377
2.3;125;17;3.448716614;3.377
2.2;133;17;3.377;3.377
2.2;140;17;3.377;3.377
2.1;148;17;3.377;3.306616669
2.5;156;17;3.377;3.017133331
2.8;164;17;3.306616669;2.699166664
4.1;166;17;3.017133331;2.735
4.0;169;17;2.699166664;2.735
3.8;171;17;2.735;2.735
3.7;174;17;2.735;2.704099976
4.2;173;17;2.735;2.044966629
4.7;172;17;2.704099976;2.1055
5.2;171;17;2.044966629;2.356333313
5.4;170;17;2.1055;2.8333666230000003
5.5;169;17;2.356333313;3.086633286
5.7;168;17;2.8333666230000003;3.269516556
5.5;167;17;3.086633286;3.639333282
5.3;165;17;3.269516556;3.7816499180000003
4.9;165;17;3.639333282;3.4382666630000003
4.9;166;17;3.7816499180000003;3.3719832610000005
4.8;167;17;3.4382666630000003;4.445916534
4.8;168;17;3.3719832610000005;4.977349762
5.0;167;17;4.445916534;5.69614978
5.3;165;17;4.977349762;4.0828497310000005
5.5;164;17;5.69614978;3.554866531
5.6;162;17;4.0828497310000005;4.011249832
5.7;160;17;3.554866531;4.2583332060000005
5.8;158;17;4.011249832;4.390383255
5.8;153;17;4.2583332060000005;6.484349609
5.9;149;17;4.390383255;4.700166412
5.9;153;17;6.484349609;3.585966553
5.6;150;17;4.700166412;4.084166473
5.2;146;17;3.585966553;5.064466522
4.9;143;17;4.084166473;5.426299773999999
4.7;143;17;5.064466522;5.033568756
4.6;142;17;5.426299773999999;4.907933289
4.4;142;17;5.033568756;4.648249893
4.0;134;17;4.907933289;4.142899933
3.6;125;17;4.648249893;3.570299999
3.2;117;17;4.142899933;2.696533295
2.8;119;17;3.570299999;2.226
2.4;122;17;2.696533295;2.2680000000000002
2.3;114;17;2.226;2.2680000000000002
2.1;111;17;2.2680000000000002;2.2680000000000002
1.9;108;17;2.2680000000000002;2.2680000000000002
1.7;105;17;2.2680000000000002;2.2680000000000002
1.8;117;17;2.2680000000000002;2.2680000000000002
1.9;129;17;2.2680000000000002;2.2680000000000002
2.0;141;17;2.2680000000000002;2.2680000000000002
2.1;138;17;2.2680000000000002;2.2680000000000002
2.1;136;17;2.2680000000000002;2.2680000000000002
2.2;133;17;2.2680000000000002;2.2680000000000002
2.4;141;17;2.2680000000000002;2.2680000000000002
2.6;149;17;2.2680000000000002;2.2680000000000002
3.1;149;17;2.2680000000000002;2.2680000000000002
3.6;149;17;2.2680000000000002;2.2680000000000002
4.1;150;17;2.2680000000000002;2.534916641
4.6;150;17;2.2680000000000002;2.704233276
4.8;150;17;2.534916641;3.138183197
4.9;151;17;2.704233276;3.8867832339999997
5.1;151;17;3.138183197;4.880633179
5.4;151;17;3.8867832339999997;5.976533172999999
5.6;151;17;4.880633179;6.054983032000001
5.9;151;17;5.976533172999999;7.269499695
6.4;159;17;6.054983032000001;8.56331604
6.9;166;17;7.269499695;9.075516235
6.9;178;17;8.56331604;10.69129932
7.4;181;17;9.075516235;15.42446594
7.8;184;17;10.69129932;18.7809823
8.3;187;17;15.42446594;21.10814905
8.6;195;17;18.7809823;20.777882199999997
8.9;202;17;21.10814905;16.09611597
9.2;210;17;20.777882199999997;32.49049878
10.3;215;17;16.09611597;35.00673169
11.4;221;17;32.49049878;37.03539746
12.5;226;17;35.00673169;36.00548193
12.7;231;17;37.03539746;36.45059717
12.8;235;17;36.00548193;36.95253101
14.8;232;17;36.45059717;38.06456641
12.4;256;17;36.95253101;38.45318311
10.0;280;17;38.06456641;31.82451587
7.6;304;17;38.45318311;20.09406555
7.4;301;17;31.82451587;18.23261603
7.3;297;17;20.09406555;17.31224945
7.1;294;17;18.23261603;12.74389954
6.5;289;17;17.31224945;10.16601648
5.8;285;17;12.74389954;7.933783203
5.2;280;17;10.16601648;5.648799652
5.6;263;17;7.933783203;5.916033142000001
6.1;247;17;5.648799652;3.33066658
4.7;228;17;5.916033142000001;6.80178299
6.4;231;17;3.33066658;23.91021606
8.1;234;17;6.80178299;28.16606567
9.8;237;17;23.91021606;27.27486548
10.9;238;17;28.16606567;31.63039893
12.0;239;17;27.27486548;34.3963811
13.1;240;17;31.63039893;35.84609839
13.0;246;17;34.3963811;36.94453076
12.9;251;17;35.84609839;37.32904932
12.8;257;17;36.94453076;37.06301367
12.4;262;17;37.32904932;35.15248169
12.0;268;17;37.06301367;35.81104858
11.5;272;17;35.15248169;33.51916528
11.3;271;17;35.81104858;32.11154932
11.2;270;17;33.51916528;35.26803125
11.0;269;17;32.11154932;33.19693188
10.4;265;17;35.26803125;26.58031543
9.9;260;17;33.19693188;27.02559912
9.3;256;17;26.58031543;20.96753223
9.8;251;17;27.02559912;17.51748291
10.2;247;17;20.96753223;26.57939917
10.7;242;17;17.51748291;22.54156567
9.8;264;17;26.57939917;23.77508252
8.8;286;17;22.54156567;24.04599927
8.0;314;17;23.77508252;23.8168822
8.7;315;17;24.04599927;23.87656555
9.3;315;17;23.8168822;22.41394922
10.0;316;17;23.87656555;24.41864905
9.4;316;17;22.41394922;34.65141504
8.9;315;17;24.41864905;31.08594849
8.3;315;17;34.65141504;31.21388232
8.1;320;17;31.08594849;30.00259863
7.9;326;17;31.21388232;26.75926599
7.7;331;17;30.00259863;25.05718262
7.6;329;17;26.75926599;12.70984967
7.5;327;17;25.05718262;14.58014941
6.6;353;17;12.70984967;9.821566345
6.2;350;17;14.58014941;3.701733215
5.8;347;17;9.821566345;16.720582399999998
5.4;344;17;3.701733215;6.988299965
5.2;330;17;16.720582399999998;4.405933182
5.1;316;17;6.988299965;6.946933136
4.9;302;17;4.405933182;4.182716492
5.5;301;17;6.946933136;10.89198285
6.1;300;17;4.182716492;11.97023254
6.7;299;17;10.89198285;6.764799866000001
6.7;300;17;11.97023254;13.05416614
6.7;300;17;6.764799866000001;16.33078265
4.0;295;17;13.05416614;17.262248899999996
5.0;296;17;16.33078265;14.67151636
6.1;298;17;17.262248899999996;11.65513263
7.1;299;17;14.67151636;9.22966626
7.1;303;17;11.65513263;15.56101563
7.1;306;17;9.22966626;16.88474939
7.1;310;17;15.56101563;20.08796545
6.9;307;17;16.88474939;20.80654895
6.7;305;17;20.08796545;10.16718237
6.5;302;17;20.80654895;9.211666199
6.6;292;17;10.16718237;16.99464929
6.8;283;17;9.211666199;14.73714941
7.0;285;17;16.99464929;12.71591589
6.6;287;17;14.73714941;8.573816467
6.3;288;17;12.71591589;13.95931616
5.9;290;17;8.573816467;18.98804846
6.2;291;17;13.95931616;11.02013269
6.5;291;17;18.98804846;10.80543286
6.8;292;17;11.02013269;12.88744949
6.6;293;17;10.80543286;8.931199646
6.5;293;17;12.88744949;8.99086615
6.3;294;17;8.931199646;5.912349762000001
6.6;295;17;8.99086615;16.41669897
6.9;297;17;5.912349762000001;18.127166199999998
7.9;299;17;16.41669897;9.585166077
8.2;305;17;18.127166199999998;11.92699963
8.5;310;17;9.585166077;20.39346606
8.8;316;17;11.92699963;25.88309827
8.4;314;17;20.39346606;29.45344897
8.1;311;17;25.88309827;21.46579919
7.7;309;17;29.45344897;19.82906531
8.1;312;17;21.46579919;24.25736609
8.5;314;17;19.82906531;28.78081543
8.9;317;17;24.25736609;32.81439795
9.3;311;17;28.78081543;30.85789868
9.8;306;17;32.81439795;25.67986523
11.2;312;17;30.85789868;33.94564844
10.1;315;17;25.67986523;30.06941577
9.0;319;17;33.94564844;29.60781555
7.9;322;17;30.06941577;19.67251575
7.1;321;17;29.60781555;16.80748242
6.4;321;17;19.67251575;8.782099457000001
5.6;320;17;16.80748242;4.6241665339999996
5.2;323;17;8.782099457000001;3.443166534
4.8;327;17;4.6241665339999996;3.877483124
4.4;330;17;3.443166534;6.6488164670000005
3.9;335;17;3.877483124;12.76398267
3.3;340;17;6.6488164670000005;4.642066589
3.1;322;17;12.76398267;3.644749985
2.8;315;17;4.642066589;3.1337499889999996
2.6;308;17;3.644749985;2.862
2.3;301;16;3.1337499889999996;2.919199982
2.2;280;16;2.862;2.896449997
2.0;259;16;2.919199982;2.861
1.9;238;16;2.896449997;2.861
2.5;212;17;2.861;2.823883286
3.2;185;17;2.861;2.858283234
3.8;159;17;2.823883286;2.2617166369999997
4.2;154;17;2.858283234;2.629316048
4.7;150;17;2.2617166369999997;3.018083252
5.1;149;17;2.629316048;3.8159331969999997
5.3;139;17;3.018083252;3.304899902
5.4;128;17;3.8159331969999997;4.755049774
5.6;118;17;3.304899902;8.162216492
6.3;115;17;4.755049774;8.952216492
7.0;111;17;8.162216492;14.87954944
7.7;108;17;8.952216492;15.41966608
8.3;108;17;14.87954944;17.78731555
9.0;109;17;15.41966608;23.50539917
9.6;109;17;17.78731555;30.60391626
10.0;114;17;23.50539917;33.4653147
10.4;120;17;30.60391626;34.02389746
11.1;118;17;33.4653147;34.79514868
11.8;121;17;34.02389746;34.5931145
12.6;125;17;34.79514868;34.94033154
13.3;128;16;34.5931145;35.79569824
13.1;127;16;34.94033154;35.47373145
12.9;127;16;35.79569824;34.7537146
12.7;126;16;35.47373145;33.17298047
12.0;127;17;34.7537146;33.17496558
11.2;127;17;33.17298047;32.33829852
10.5;128;17;33.17496558;34.329948
9.9;129;17;32.33829852;31.94799805
9.2;130;17;34.329948;29.39748242
7.1;146;17;31.94799805;25.74856494
7.4;140;17;29.39748242;10.62743286
7.6;134;17;25.74856494;5.125816635
7.9;128;17;10.62743286;6.251549744
7.8;143;17;5.125816635;17.39419928
7.7;158;17;6.251549744;30.74441553
7.6;173;17;17.39419928;14.04289941
7.4;163;17;30.74441553;10.40798303
7.1;154;17;14.04289941;13.1930329
6.9;144;17;10.40798303;19.45696564
6.7;141;17;13.1930329;22.13133203
6.5;139;17;19.45696564;22.41098279
6.3;139;17;22.13133203;17.54051563
6.5;142;17;22.41098279;10.62569946
6.6;146;17;17.54051563;10.51159943
6.8;149;16;10.62569946;13.75906641
6.1;147;16;10.51159943;12.64566626
5.5;144;16;13.75906641;10.41724963
4.8;142;16;12.64566626;8.227299683
5.0;140;17;10.41724963;8.405599609
5.2;138;17;8.227299683;5.714833037999999
5.4;136;17;8.405599609;5.2999497380000005
5.0;134;17;5.714833037999999;5.505649841
4.6;131;17;5.2999497380000005;3.681966492
4.2;151;17;5.505649841;3.910466553
4.2;149;17;3.681966492;3.0557999419999997
4.3;148;17;3.910466553;2.8220499880000003
4.3;146;17;3.0557999419999997;2.7567333069999997
4.2;148;17;2.8220499880000003;2.641266632
4.2;150;17;2.7567333069999997;3.45944986
4.1;152;17;2.641266632;3.0689499510000005
4.2;150;17;3.45944986;2.219
4.4;148;17;3.0689499510000005;2.35966658
4.5;146;17;2.219;2.590933319
4.7;144;17;2.35966658;2.427666656
4.9;142;17;2.590933319;2.482849976
4.5;155;17;2.427666656;3.056616608
4.8;158;17;2.482849976;3.5107166139999997
5.1;161;17;3.056616608;4.288916519
5.4;164;17;3.5107166139999997;6.662866425
5.4;162;17;4.288916519;7.986399719
5.4;160;17;6.662866425;9.516649353
5.4;158;17;7.986399719;3.5633333210000004
5.7;168;17;9.516649353;3.259599899
5.9;179;17;3.5633333210000004;14.32338306
6.2;189;17;3.259599899;11.00934943
6.7;186;17;14.32338306;12.89278271
7.1;182;17;11.00934943;17.21481616
7.8;175;17;12.89278271;14.72754944
8.1;174;17;17.21481616;24.87356543
8.3;173;17;14.72754944;17.40148267
8.6;172;17;24.87356543;21.94241541
8.9;168;17;17.40148267;20.99506543
9.2;165;17;21.94241541;21.81514917
9.5;161;17;20.99506543;21.32924915
9.2;159;17;21.81514917;26.89563208
8.8;158;17;21.32924915;28.40394824
8.5;156;17;26.89563208;30.21063257
8.1;151;17;28.40394824;21.84503198
7.7;145;17;30.21063257;21.93358252
8.6;156;17;21.84503198;24.33389905
7.7;152;17;21.93358252;24.75121558
6.9;149;17;24.33389905;18.50358215
6.0;145;17;24.75121558;11.43251624
6.3;138;17;18.50358215;13.76083307
6.6;132;17;11.43251624;20.56974902
6.9;125;17;13.76083307;16.86384937
6.6;126;17;20.56974902;19.00231531
6.2;127;17;16.86384937;17.52181555
5.9;128;17;19.00231531;10.28963263
6.2;128;17;17.52181555;11.63449951
6.5;127;17;10.28963263;10.37753296
7.3;129;17;11.63449951;12.32874969
7.5;131;17;10.37753296;15.58101599
7.7;132;17;12.32874969;16.73743262
7.9;134;17;15.58101599;14.67573248
7.9;133;17;16.73743262;14.45214966
7.8;133;17;14.67573248;20.44891565
7.8;132;17;14.45214966;26.58769885
7.5;131;17;20.44891565;17.11633264
7.2;130;17;26.58769885;18.00869885
6.9;129;17;17.11633264;22.68326587
7.0;131;17;18.00869885;27.05911548
7.1;133;17;22.68326587;23.441098999999998
7.5;136;17;27.05911548;16.12791614
7.5;137;17;23.441098999999998;17.89214935
7.6;139;17;16.12791614;15.43528271
7.6;140;17;17.89214935;17.35704938
7.4;140;16;15.43528271;13.81439923
7.3;140;16;17.35704938;12.02138306
7.1;140;16;13.81439923;12.99313281
7.0;141;16;12.02138306;8.730799622000001
6.9;141;17;12.99313281;6.993466400000001
6.8;142;17;8.730799622000001;8.401549561
6.9;141;17;6.993466400000001;7.131749695
7.0;141;17;8.401549561;8.156499634
6.8;137;17;7.131749695;10.7683493
6.6;140;17;8.156499634;9.184199402
6.3;142;17;10.7683493;7.599749634
6.1;145;17;9.184199402;11.12703278
6.1;144;17;7.599749634;13.54224969
6.1;142;17;11.12703278;15.32883276
6.1;141;17;13.54224969;13.660966
6.1;144;17;15.32883276;13.89051605
6.0;146;17;13.660966;17.04201599
6.0;149;17;13.89051605;15.91628278
6.0;149;17;17.04201599;12.73996625
6.1;149;17;15.91628278;11.00759949
6.1;151;17;12.73996625;8.30038324
6.2;150;17;11.00759949;7.028966431000001
6.4;148;17;8.30038324;7.357299622
6.5;147;16;7.028966431000001;8.1737995
6.4;147;16;7.357299622;10.16428302
6.2;146;16;8.1737995;10.46455121
6.1;146;16;10.16428302;11.51173279
6.0;146;17;10.46455121;12.39938281
6.0;146;17;11.51173279;10.48741583
5.9;146;17;12.39938281;9.522583008
6.1;145;17;10.48741583;12.13696613
6.4;145;17;9.522583008;14.0087995
7.5;144;17;12.13696613;16.27096582
7.5;143;17;14.0087995;13.70438306
7.6;141;17;16.27096582;11.64821613
7.6;140;17;13.70438306;16.55774902
6.8;144;17;11.64821613;17.04129871
5.9;148;17;16.55774902;13.50671619
5.1;152;17;17.04129871;11.90329944
4.2;210;17;13.50671619;8.608016296
3.3;267;17;11.90329944;4.2416831969999995
2.4;325;17;8.608016296;3.5877998960000004
2.3;310;17;4.2416831969999995;2.895716583
2.1;294;17;3.5877998960000004;2.0085832669999997
2.5;250;17;2.895716583;2.4449166719999997
2.4;248;17;2.0085832669999997;2.002666626
2.4;245;17;2.4449166719999997;1.916
2.3;243;17;2.002666626;2.043449982
2.2;225;17;1.916;2.644399902
2.0;208;17;2.043449982;2.217383316
1.9;190;17;2.644399902;2.166449997
1.9;165;17;2.217383316;2.114933304
2.0;140;17;2.166449997;1.9748320769999999
2.0;115;17;2.114933304;2.202449944
2.7;114;17;1.9748320769999999;2.47471666
3.4;112;17;2.202449944;2.3186166530000003
4.2;101;17;2.47471666;2.745699951
4.3;96;17;2.3186166530000003;3.9838486019999997
4.3;90;17;2.745699951;3.719249847
4.4;85;17;3.9838486019999997;3.0534999239999996
4.4;83;17;3.719249847;2.9146999819999997
4.5;81;17;3.0534999239999996;2.799333313
4.5;79;17;2.9146999819999997;3.12041658
4.2;81;17;2.799333313;3.0482332760000004
3.9;84;17;3.12041658;2.747
3.6;86;17;3.0482332760000004;2.521649979
3.7;88;17;2.747;2.378
3.9;89;17;2.521649979;2.378
4.5;82;17;2.378;2.24946666
4.4;85;17;2.378;2.33713327
4.2;88;17;2.24946666;2.198683319
4.1;91;17;2.33713327;1.7974499819999998
4.0;93;17;2.198683319;1.792499969
3.8;95;17;1.7974499819999998;1.821783325
3.7;97;17;1.792499969;1.6601666640000001
3.5;97;17;1.821783325;1.534
3.2;96;17;1.6601666640000001;1.464
3.0;96;17;1.534;1.236090897
2.8;98;17;1.464;1.3659999999999999
2.5;100;17;1.236090897;1.3659999999999999
2.3;133;17;1.3659999999999999;1.199
2.2;136;17;1.3659999999999999;1.124
2.1;139;17;1.199;1.124
2.0;142;17;1.124;1.124
2.3;146;17;1.124;1.124
2.6;149;17;1.124;1.124
2.9;153;17;1.124;1.124
3.1;154;17;1.124;1.1423333279999999
3.3;155;17;1.124;1.3641166530000002
3.5;156;17;1.1423333279999999;1.607100006
3.8;155;17;1.3641166530000002;1.651733307
4.0;155;17;1.607100006;1.640549995
4.1;152;17;1.651733307;2.06406662
4.3;151;17;1.640549995;2.0469999999999997
4.6;151;17;2.06406662;1.9055999909999999
4.8;150;17;2.0469999999999997;2.154599976
5.2;149;17;1.9055999909999999;2.461683319
5.5;149;17;2.154599976;2.7060332639999998
5.9;148;17;2.461683319;2.9453666380000003
6.0;148;17;2.7060332639999998;2.880133316
6.1;149;17;2.9453666380000003;3.235466614
6.2;149;17;2.880133316;3.9440332639999998
6.3;150;17;3.235466614;4.453366516
6.4;150;17;3.9440332639999998;5.0975998989999995
6.1;149;17;4.453366516;5.294983124
6.3;150;17;5.0975998989999995;5.066349762
6.4;151;17;5.294983124;5.920316528
6.6;152;17;5.066349762;7.813316467000001
6.6;155;17;5.920316528;9.180299622
6.7;159;17;7.813316467000001;11.22973285
6.7;162;17;9.180299622;11.14144952
6.9;162;17;11.22973285;10.88268274
7.0;161;17;11.14144952;10.5316496
7.2;161;17;10.88268274;11.68049927
7.3;161;17;10.5316496;13.39413269
7.3;161;17;11.68049927;11.55751636
7.7;179;17;13.39413269;10.98663287
6.6;186;17;11.55751636;10.79598273
5.4;193;17;10.98663287;12.22136615
4.3;200;17;10.79598273;10.56824969
3.6;236;17;12.22136615;7.319482849
3.0;271;17;10.56824969;6.897049743999999
2.3;307;17;7.319482849;5.000049698
3.0;309;17;6.897049743999999;4.541266464
3.7;312;17;5.000049698;3.6102498780000003
4.4;314;17;4.541266464;3.136133286
4.5;312;17;3.6102498780000003;2.533883293
4.6;309;17;3.136133286;2.34
4.4;329;17;2.533883293;2.732633209
4.0;327;17;2.34;3.448349854
3.6;326;17;2.732633209;4.759116333
3.2;324;17;3.448349854;5.038666473
3.5;316;17;4.759116333;8.28811615
3.7;308;17;5.038666473;5.1176166080000005
4.0;300;17;8.28811615;5.826266464
4.1;293;17;5.1176166080000005;5.964499725
4.1;285;17;5.826266464;5.033116486
4.2;278;17;5.964499725;4.199416519
4.4;271;17;5.033116486;9.367932739
4.7;263;17;4.199416519;7.056232941
6.1;245;17;9.367932739;7.6608498229999995
6.2;255;17;7.056232941;12.43953302
6.4;265;17;7.6608498229999995;16.08179901
6.5;275;17;12.43953302;6.100066452
6.5;269;17;16.08179901;13.22729932
6.6;264;17;6.100066452;14.54869928
6.6;258;17;13.22729932;12.35379962
6.4;251;17;14.54869928;5.142583098999999
6.1;243;17;12.35379962;4.592866516
5.9;236;17;5.142583098999999;3.7159832610000003
6.1;224;17;4.592866516;3.470599945
6.3;212;17;3.7159832610000003;11.13824957
4.9;217;17;3.470599945;7.2583830570000005
5.2;201;17;11.13824957;4.971499878
5.5;184;17;7.2583830570000005;5.713783081
5.8;168;17;4.971499878;9.198516205
6.5;164;17;5.713783081;9.909666077
